"Election Name","County Name","Office Name","District Name","Party Name","Candidate Name","Votes","Yes Votes","No Votes","Election Day Votes","ElectionDay Yes Votes","Election Day No Votes","Mail Votes","Mail Yes Votes","Mail No Votes","Provisional Votes","Provisional Yes Votes","Provisional No Votes"
"2022 General Election","ADAMS","United States Senator","Statewide","Democratic","FETTERMAN, JOHN K","18","0","0","5","0","0","6","0","0","7","0","0"
"2022 General Election","ADAMS","United States Senator","Statewide","Republican","OZ, MEHMET C","21","0","0","6","0","0","7","0","0","8","0","0"
"2022 General Election","ADAMS","United States Senator","Statewide","Libertarian","GERHARDT, ERIK","24","0","0","7","0","0","8","0","0","9","0","0"
"2022 General Election","ADAMS","United States Senator","Statewide","Green Party","WEISS, RICHARD L","27","0","0","8","0","0","9","0","0","10","0","0"
"2022 General Election","ADAMS","United States Senator","Statewide","Keystone","WASSMER, DANIEL","30","0","0","9","0","0","10","0","0","11","0","0"
"2022 General Election","ADAMS","Governor","Statewide","Democratic","SHAPIRO, JOSHUA D","42","0","0","13","0","0","14","0","0","15","0","0"
"2022 General Election","ADAMS","Governor","Statewide","Republican","MASTRIANO, DOUGLAS V","45","0","0","14","0","0","15","0","0","16","0","0"
"2022 General Election","ADAMS","Governor","Statewide","Libertarian","HACKENBURG, JONATHAN MATTHEW","48","0","0","15","0","0","16","0","0","17","0","0"
"2022 General Election","ADAMS","Governor","Statewide","Green Party","DIGIULIO, CHRISTINA PK","51","0","0","16","0","0","17","0","0","18","0","0"
"2022 General Election","ADAMS","Governor","Statewide","Keystone","SOLOSKI, JOSEPH P","54","0","0","17","0","0","18","0","0","19","0","0"
"2022 General Election","ALLEGHENY","United States Senator","Statewide","Democratic","FETTERMAN, JOHN K","18","0","0","5","0","0","6","0","0","7","0","0"
"2022 General Election","ALLEGHENY","United States Senator","Statewide","Republican","OZ, MEHMET C","21","0","0","6","0","0","7","0","0","8","0","0"
"2022 General Election","ALLEGHENY","United States Senator","Statewide","Libertarian","GERHARDT, ERIK","24","0","0","7","0","0","8","0","0","9","0","0"
"2022 General Election","ALLEGHENY","United States Senator","Statewide","Green Party","WEISS, RICHARD L","27","0","0","8","0","0","9","0","0","10","0","0"
"2022 General Election","ALLEGHENY","United States Senator","Statewide","Keystone","WASSMER, DANIEL","30","0","0","9","0","0","10","0","0","11","0","0"
"2022 General Election","ALLEGHENY","Governor","Statewide","Democratic","SHAPIRO, JOSHUA D","42","0","0","13","0","0","14","0","0","15","0","0"
"2022 General Election","ALLEGHENY","Governor","Statewide","Republican","MASTRIANO, DOUGLAS V","45","0","0","14","0","0","15","0","0","16","0","0"
"2022 General Election","ALLEGHENY","Governor","Statewide","Libertarian","HACKENBURG, JONATHAN MATTHEW","48","0","0","15","0","0","16","0","0","17","0","0"
"2022 General Election","ALLEGHENY","Governor","Statewide","Green Party","DIGIULIO, CHRISTINA PK","51","0","0","16","0","0","17","0","0","18","0","0"
"2022 General Election","ALLEGHENY","Governor","Statewide","Keystone","SOLOSKI, JOSEPH P","54","0","0","17","0","0","18","0","0","19","0","0"
"2022 General Election","ARMSTRONG","United States Senator","Statewide","Democratic","FETTERMAN, JOHN K","0","0","0","0","0","0","0","0","0","0","0","0"
"2022 General Election","ARMSTRONG","United States Senator","Statewide","Republican","OZ, MEHMET C","0","0","0","0","0","0","0","0","0","0","0","0"
"2022 General Election","ARMSTRONG","United States Senator","Statewide","Libertarian","GERHARDT, ERIK","0","0","0","0","0","0","0","0","0","0","0","0"
"2022 General Election","ARMSTRONG","United States Senator","Statewide","Green Party","WEISS, RICHARD L","0","0","0","0","0","0","0","0","0","0","0","0"
"2022 General Election","ARMSTRONG","United States Senator","Statewide","Keystone","WASSMER, DANIEL","0","0","0","0","0","0","0","0","0","0","0","0"
"2022 General Election","ARMSTRONG","Governor","Statewide","Democratic","SHAPIRO, JOSHUA D","0","0","0","0","0","0","0","0","0","0","0","0"
"2022 General Election","ARMSTRONG","Governor","Statewide","Republican","MASTRIANO, DOUGLAS V","0","0","0","0","0","0","0","0","0","0","0","0"
"2022 General Election","ARMSTRONG","Governor","Statewide","Libertarian","HACKENBURG, JONATHAN MATTHEW","0","0","0","0","0","0","0","0","0","0","0","0"
"2022 General Election","ARMSTRONG","Governor","Statewide","Green Party","DIGIULIO, CHRISTINA PK","0","0","0","0","0","0","0","0","0","0","0","0"
"2022 General Election","ARMSTRONG","Governor","Statewide","Keystone","SOLOSKI, JOSEPH P","0","0","0","0","0","0","0","0","0","0","0","0"
"2022 General Election","BEAVER","United States Senator","Statewide","Democratic","FETTERMAN, JOHN K","0","0","0","0","0","0","0","0","0","0","0","0"
"2022 General Election","BEAVER","United States Senator","Statewide","Republican","OZ, MEHMET C","0","0","0","0","0","0","0","0","0","0","0","0"
"2022 General Election","BEAVER","United States Senator","Statewide","Libertarian","GERHARDT, ERIK","0","0","0","0","0","0","0","0","0","0","0","0"
"2022 General Election","BEAVER","United States Senator","Statewide","Green Party","WEISS, RICHARD L","0","0","0","0","0","0","0","0","0","0","0","0"
"2022 General Election","BEAVER","United States Senator","Statewide","Keystone","WASSMER, DANIEL","0","0","0","0","0","0","0","0","0","0","0","0"
"2022 General Election","BEAVER","Governor","Statewide","Democratic","SHAPIRO, JOSHUA D","0","0","0","0","0","0","0","0","0","0","0","0"
"2022 General Election","BEAVER","Governor","Statewide","Republican","MASTRIANO, DOUGLAS V","0","0","0","0","0","0","0","0","0","0","0","0"
"2022 General Election","BEAVER","Governor","Statewide","Libertarian","HACKENBURG, JONATHAN MATTHEW","0","0","0","0","0","0","0","0","0","0","0","0"
"2022 General Election","BEAVER","Governor","Statewide","Green Party","DIGIULIO, CHRISTINA PK","0","0","0","0","0","0","0","0","0","0","0","0"
"2022 General Election","BEAVER","Governor","Statewide","Keystone","SOLOSKI, JOSEPH P","0","0","0","0","0","0","0","0","0","0","0","0"
"2022 General Election","BEDFORD","United States Senator","Statewide","Democratic","FETTERMAN, JOHN K","0","0","0","0","0","0","0","0","0","0","0","0"
"2022 General Election","BEDFORD","United States Senator","Statewide","Republican","OZ, MEHMET C","0","0","0","0","0","0","0","0","0","0","0","0"
"2022 General Election","BEDFORD","United States Senator","Statewide","Libertarian","GERHARDT, ERIK","0","0","0","0","0","0","0","0","0","0","0","0"
"2022 General Election","BEDFORD","United States Senator","Statewide","Green Party","WEISS, RICHARD L","0","0","0","0","0","0","0","0","0","0","0","0"
"2022 General Election","BEDFORD","United States Senator","Statewide","Keystone","WASSMER, DANIEL","0","0","0","0","0","0","0","0","0","0","0","0"
"2022 General Election","BEDFORD","Governor","Statewide","Democratic","SHAPIRO, JOSHUA D","0","0","0","0","0","0","0","0","0","0","0","0"
"2022 General Election","BEDFORD","Governor","Statewide","Republican","MASTRIANO, DOUGLAS V","0","0","0","0","0","0","0","0","0","0","0","0"
"2022 General Election","BEDFORD","Governor","Statewide","Libertarian","HACKENBURG, JONATHAN MATTHEW","0","0","0","0","0","0","0","0","0","0","0","0"
"2022 General Election","BEDFORD","Governor","Statewide","Green Party","DIGIULIO, CHRISTINA PK","0","0","0","0","0","0","0","0","0","0","0","0"
"2022 General Election","BEDFORD","Governor","Statewide","Keystone","SOLOSKI, JOSEPH P","0","0","0","0","0","0","0","0","0","0","0","0"
"2022 General Election","BERKS","United States Senator","Statewide","Democratic","FETTERMAN, JOHN K","0","0","0","0","0","0","0","0","0","0","0","0"
"2022 General Election","BERKS","United States Senator","Statewide","Republican","OZ, MEHMET C","0","0","0","0","0","0","0","0","0","0","0","0"
"2022 General Election","BERKS","United States Senator","Statewide","Libertarian","GERHARDT, ERIK","0","0","0","0","0","0","0","0","0","0","0","0"
"2022 General Election","BERKS","United States Senator","Statewide","Green Party","WEISS, RICHARD L","0","0","0","0","0","0","0","0","0","0","0","0"
"2022 General Election","BERKS","United States Senator","Statewide","Keystone","WASSMER, DANIEL","0","0","0","0","0","0","0","0","0","0","0","0"
"2022 General Election","BERKS","Governor","Statewide","Democratic","SHAPIRO, JOSHUA D","0","0","0","0","0","0","0","0","0","0","0","0"
"2022 General Election","BERKS","Governor","Statewide","Republican","MASTRIANO, DOUGLAS V","0","0","0","0","0","0","0","0","0","0","0","0"
"2022 General Election","BERKS","Governor","Statewide","Libertarian","HACKENBURG, JONATHAN MATTHEW","0","0","0","0","0","0","0","0","0","0","0","0"
"2022 General Election","BERKS","Governor","Statewide","Green Party","DIGIULIO, CHRISTINA PK","0","0","0","0","0","0","0","0","0","0","0","0"
"2022 General Election","BERKS","Governor","Statewide","Keystone","SOLOSKI, JOSEPH P","0","0","0","0","0","0","0","0","0","0","0","0"
"2022 General Election","BLAIR","United States Senator","Statewide","Democratic","FETTERMAN, JOHN K","18","0","0","5","0","0","6","0","0","7","0","0"
"2022 General Election","BLAIR","United States Senator","Statewide","Republican","OZ, MEHMET C","21","0","0","6","0","0","7","0","0","8","0","0"
"2022 General Election","BLAIR","United States Senator","Statewide","Libertarian","GERHARDT, ERIK","24","0","0","7","0","0","8","0","0","9","0","0"
"2022 General Election","BLAIR","United States Senator","Statewide","Green Party","WEISS, RICHARD L","27","0","0","8","0","0","9","0","0","10","0","0"
"2022 General Election","BLAIR","United States Senator","Statewide","Keystone","WASSMER, DANIEL","30","0","0","9","0","0","10","0","0","11","0","0"
"2022 General Election","BLAIR","Governor","Statewide","Democratic","SHAPIRO, JOSHUA D","33","0","0","10","0","0","11","0","0","12","0","0"
"2022 General Election","BLAIR","Governor","Statewide","Republican","MASTRIANO, DOUGLAS V","36","0","0","11","0","0","12","0","0","13","0","0"
"2022 General Election","BLAIR","Governor","Statewide","Libertarian","HACKENBURG, JONATHAN MATTHEW","39","0","0","12","0","0","13","0","0","14","0","0"
"2022 General Election","BLAIR","Governor","Statewide","Green Party","DIGIULIO, CHRISTINA PK","42","0","0","13","0","0","14","0","0","15","0","0"
"2022 General Election","BLAIR","Governor","Statewide","Keystone","SOLOSKI, JOSEPH P","45","0","0","14","0","0","15","0","0","16","0","0"
"2022 General Election","BRADFORD","United States Senator","Statewide","Democratic","FETTERMAN, JOHN K","124,623","0","0","62,281","0","0","62,342","0","0","0","0","0"
"2022 General Election","BRADFORD","United States Senator","Statewide","Republican","OZ, MEHMET C","124,867","0","0","62,403","0","0","62,464","0","0","0","0","0"
"2022 General Election","BRADFORD","United States Senator","Statewide","Libertarian","GERHARDT, ERIK","125,111","0","0","62,525","0","0","62,586","0","0","0","0","0"
"2022 General Election","BRADFORD","United States Senator","Statewide","Green Party","WEISS, RICHARD L","125,355","0","0","62,647","0","0","62,708","0","0","0","0","0"
"2022 General Election","BRADFORD","United States Senator","Statewide","Keystone","WASSMER, DANIEL","125,599","0","0","62,769","0","0","62,830","0","0","0","0","0"
"2022 General Election","BRADFORD","Governor","Statewide","Democratic","SHAPIRO, JOSHUA D","126,087","0","0","63,013","0","0","63,074","0","0","0","0","0"
"2022 General Election","BRADFORD","Governor","Statewide","Republican","MASTRIANO, DOUGLAS V","126,331","0","0","63,135","0","0","63,196","0","0","0","0","0"
"2022 General Election","BRADFORD","Governor","Statewide","Libertarian","HACKENBURG, JONATHAN MATTHEW","126,575","0","0","63,257","0","0","63,318","0","0","0","0","0"
"2022 General Election","BRADFORD","Governor","Statewide","Green Party","DIGIULIO, CHRISTINA PK","126,819","0","0","63,379","0","0","63,440","0","0","0","0","0"
"2022 General Election","BRADFORD","Governor","Statewide","Keystone","SOLOSKI, JOSEPH P","127,063","0","0","63,501","0","0","63,562","0","0","0","0","0"
"2022 General Election","BUCKS","United States Senator","Statewide","Democratic","FETTERMAN, JOHN K","6","0","0","2","0","0","3","0","0","1","0","0"
"2022 General Election","BUCKS","United States Senator","Statewide","Republican","OZ, MEHMET C","15","0","0","5","0","0","6","0","0","4","0","0"
"2022 General Election","BUCKS","United States Senator","Statewide","Libertarian","GERHARDT, ERIK","24","0","0","8","0","0","9","0","0","7","0","0"
"2022 General Election","BUCKS","United States Senator","Statewide","Green Party","WEISS, RICHARD L","33","0","0","11","0","0","12","0","0","10","0","0"
"2022 General Election","BUCKS","United States Senator","Statewide","Keystone","WASSMER, DANIEL","42","0","0","14","0","0","15","0","0","13","0","0"
"2022 General Election","BUCKS","Governor","Statewide","Democratic","SHAPIRO, JOSHUA D","60","0","0","20","0","0","21","0","0","19","0","0"
"2022 General Election","BUCKS","Governor","Statewide","Republican","MASTRIANO, DOUGLAS V","69","0","0","23","0","0","24","0","0","22","0","0"
"2022 General Election","BUCKS","Governor","Statewide","Libertarian","HACKENBURG, JONATHAN MATTHEW","78","0","0","26","0","0","27","0","0","25","0","0"
"2022 General Election","BUCKS","Governor","Statewide","Green Party","DIGIULIO, CHRISTINA PK","87","0","0","29","0","0","30","0","0","28","0","0"
"2022 General Election","BUCKS","Governor","Statewide","Keystone","SOLOSKI, JOSEPH P","96","0","0","32","0","0","33","0","0","31","0","0"
"2022 General Election","BUTLER","United States Senator","Statewide","Democratic","FETTERMAN, JOHN K","18","0","0","5","0","0","6","0","0","7","0","0"
"2022 General Election","BUTLER","United States Senator","Statewide","Republican","OZ, MEHMET C","21","0","0","6","0","0","7","0","0","8","0","0"
"2022 General Election","BUTLER","United States Senator","Statewide","Libertarian","GERHARDT, ERIK","24","0","0","7","0","0","8","0","0","9","0","0"
"2022 General Election","BUTLER","United States Senator","Statewide","Green Party","WEISS, RICHARD L","27","0","0","8","0","0","9","0","0","10","0","0"
"2022 General Election","BUTLER","United States Senator","Statewide","Keystone","WASSMER, DANIEL","30","0","0","9","0","0","10","0","0","11","0","0"
"2022 General Election","BUTLER","Governor","Statewide","Democratic","SHAPIRO, JOSHUA D","42","0","0","13","0","0","14","0","0","15","0","0"
"2022 General Election","BUTLER","Governor","Statewide","Republican","MASTRIANO, DOUGLAS V","45","0","0","14","0","0","15","0","0","16","0","0"
"2022 General Election","BUTLER","Governor","Statewide","Libertarian","HACKENBURG, JONATHAN MATTHEW","48","0","0","15","0","0","16","0","0","17","0","0"
"2022 General Election","BUTLER","Governor","Statewide","Green Party","DIGIULIO, CHRISTINA PK","51","0","0","16","0","0","17","0","0","18","0","0"
"2022 General Election","BUTLER","Governor","Statewide","Keystone","SOLOSKI, JOSEPH P","54","0","0","17","0","0","18","0","0","19","0","0"
"2022 General Election","CAMBRIA","United States Senator","Statewide","Democratic","FETTERMAN, JOHN K","18","0","0","5","0","0","6","0","0","7","0","0"
"2022 General Election","CAMBRIA","United States Senator","Statewide","Republican","OZ, MEHMET C","21","0","0","6","0","0","7","0","0","8","0","0"
"2022 General Election","CAMBRIA","United States Senator","Statewide","Libertarian","GERHARDT, ERIK","24","0","0","7","0","0","8","0","0","9","0","0"
"2022 General Election","CAMBRIA","United States Senator","Statewide","Green Party","WEISS, RICHARD L","27","0","0","8","0","0","9","0","0","10","0","0"
"2022 General Election","CAMBRIA","United States Senator","Statewide","Keystone","WASSMER, DANIEL","30","0","0","9","0","0","10","0","0","11","0","0"
"2022 General Election","CAMBRIA","Governor","Statewide","Democratic","SHAPIRO, JOSHUA D","42","0","0","13","0","0","14","0","0","15","0","0"
"2022 General Election","CAMBRIA","Governor","Statewide","Republican","MASTRIANO, DOUGLAS V","45","0","0","14","0","0","15","0","0","16","0","0"
"2022 General Election","CAMBRIA","Governor","Statewide","Libertarian","HACKENBURG, JONATHAN MATTHEW","48","0","0","15","0","0","16","0","0","17","0","0"
"2022 General Election","CAMBRIA","Governor","Statewide","Green Party","DIGIULIO, CHRISTINA PK","51","0","0","16","0","0","17","0","0","18","0","0"
"2022 General Election","CAMBRIA","Governor","Statewide","Keystone","SOLOSKI, JOSEPH P","54","0","0","17","0","0","18","0","0","19","0","0"
"2022 General Election","CAMERON","United States Senator","Statewide","Democratic","FETTERMAN, JOHN K","18","0","0","5","0","0","6","0","0","7","0","0"
"2022 General Election","CAMERON","United States Senator","Statewide","Republican","OZ, MEHMET C","21","0","0","6","0","0","7","0","0","8","0","0"
"2022 General Election","CAMERON","United States Senator","Statewide","Libertarian","GERHARDT, ERIK","24","0","0","7","0","0","8","0","0","9","0","0"
"2022 General Election","CAMERON","United States Senator","Statewide","Green Party","WEISS, RICHARD L","27","0","0","8","0","0","9","0","0","10","0","0"
"2022 General Election","CAMERON","United States Senator","Statewide","Keystone","WASSMER, DANIEL","30","0","0","9","0","0","10","0","0","11","0","0"
"2022 General Election","CAMERON","Governor","Statewide","Democratic","SHAPIRO, JOSHUA D","42","0","0","13","0","0","14","0","0","15","0","0"
"2022 General Election","CAMERON","Governor","Statewide","Republican","MASTRIANO, DOUGLAS V","45","0","0","14","0","0","15","0","0","16","0","0"
"2022 General Election","CAMERON","Governor","Statewide","Libertarian","HACKENBURG, JONATHAN MATTHEW","48","0","0","15","0","0","16","0","0","17","0","0"
"2022 General Election","CAMERON","Governor","Statewide","Green Party","DIGIULIO, CHRISTINA PK","51","0","0","16","0","0","17","0","0","18","0","0"
"2022 General Election","CAMERON","Governor","Statewide","Keystone","SOLOSKI, JOSEPH P","54","0","0","17","0","0","18","0","0","19","0","0"
"2022 General Election","CARBON","United States Senator","Statewide","Democratic","FETTERMAN, JOHN K","0","0","0","0","0","0","0","0","0","0","0","0"
"2022 General Election","CARBON","United States Senator","Statewide","Republican","OZ, MEHMET C","0","0","0","0","0","0","0","0","0","0","0","0"
"2022 General Election","CARBON","United States Senator","Statewide","Libertarian","GERHARDT, ERIK","0","0","0","0","0","0","0","0","0","0","0","0"
"2022 General Election","CARBON","United States Senator","Statewide","Green Party","WEISS, RICHARD L","0","0","0","0","0","0","0","0","0","0","0","0"
"2022 General Election","CARBON","United States Senator","Statewide","Keystone","WASSMER, DANIEL","0","0","0","0","0","0","0","0","0","0","0","0"
"2022 General Election","CARBON","Governor","Statewide","Democratic","SHAPIRO, JOSHUA D","0","0","0","0","0","0","0","0","0","0","0","0"
"2022 General Election","CARBON","Governor","Statewide","Republican","MASTRIANO, DOUGLAS V","0","0","0","0","0","0","0","0","0","0","0","0"
"2022 General Election","CARBON","Governor","Statewide","Libertarian","HACKENBURG, JONATHAN MATTHEW","0","0","0","0","0","0","0","0","0","0","0","0"
"2022 General Election","CARBON","Governor","Statewide","Green Party","DIGIULIO, CHRISTINA PK","0","0","0","0","0","0","0","0","0","0","0","0"
"2022 General Election","CARBON","Governor","Statewide","Keystone","SOLOSKI, JOSEPH P","0","0","0","0","0","0","0","0","0","0","0","0"
"2022 General Election","CENTRE","United States Senator","Statewide","Democratic","FETTERMAN, JOHN K","18","0","0","5","0","0","6","0","0","7","0","0"
"2022 General Election","CENTRE","United States Senator","Statewide","Republican","OZ, MEHMET C","21","0","0","6","0","0","7","0","0","8","0","0"
"2022 General Election","CENTRE","United States Senator","Statewide","Libertarian","GERHARDT, ERIK","24","0","0","7","0","0","8","0","0","9","0","0"
"2022 General Election","CENTRE","United States Senator","Statewide","Green Party","WEISS, RICHARD L","27","0","0","8","0","0","9","0","0","10","0","0"
"2022 General Election","CENTRE","United States Senator","Statewide","Keystone","WASSMER, DANIEL","30","0","0","9","0","0","10","0","0","11","0","0"
"2022 General Election","CENTRE","Governor","Statewide","Democratic","SHAPIRO, JOSHUA D","42","0","0","13","0","0","14","0","0","15","0","0"
"2022 General Election","CENTRE","Governor","Statewide","Republican","MASTRIANO, DOUGLAS V","45","0","0","14","0","0","15","0","0","16","0","0"
"2022 General Election","CENTRE","Governor","Statewide","Libertarian","HACKENBURG, JONATHAN MATTHEW","48","0","0","15","0","0","16","0","0","17","0","0"
"2022 General Election","CENTRE","Governor","Statewide","Green Party","DIGIULIO, CHRISTINA PK","51","0","0","16","0","0","17","0","0","18","0","0"
"2022 General Election","CENTRE","Governor","Statewide","Keystone","SOLOSKI, JOSEPH P","54","0","0","17","0","0","18","0","0","19","0","0"
"2022 General Election","CHESTER","United States Senator","Statewide","Democratic","FETTERMAN, JOHN K","0","0","0","0","0","0","0","0","0","0","0","0"
"2022 General Election","CHESTER","United States Senator","Statewide","Republican","OZ, MEHMET C","0","0","0","0","0","0","0","0","0","0","0","0"
"2022 General Election","CHESTER","United States Senator","Statewide","Libertarian","GERHARDT, ERIK","0","0","0","0","0","0","0","0","0","0","0","0"
"2022 General Election","CHESTER","United States Senator","Statewide","Green Party","WEISS, RICHARD L","0","0","0","0","0","0","0","0","0","0","0","0"
"2022 General Election","CHESTER","United States Senator","Statewide","Keystone","WASSMER, DANIEL","0","0","0","0","0","0","0","0","0","0","0","0"
"2022 General Election","CHESTER","Governor","Statewide","Democratic","SHAPIRO, JOSHUA D","0","0","0","0","0","0","0","0","0","0","0","0"
"2022 General Election","CHESTER","Governor","Statewide","Republican","MASTRIANO, DOUGLAS V","0","0","0","0","0","0","0","0","0","0","0","0"
"2022 General Election","CHESTER","Governor","Statewide","Libertarian","HACKENBURG, JONATHAN MATTHEW","0","0","0","0","0","0","0","0","0","0","0","0"
"2022 General Election","CHESTER","Governor","Statewide","Green Party","DIGIULIO, CHRISTINA PK","0","0","0","0","0","0","0","0","0","0","0","0"
"2022 General Election","CHESTER","Governor","Statewide","Keystone","SOLOSKI, JOSEPH P","0","0","0","0","0","0","0","0","0","0","0","0"
"2022 General Election","CLARION","United States Senator","Statewide","Democratic","FETTERMAN, JOHN K","0","0","0","0","0","0","0","0","0","0","0","0"
"2022 General Election","CLARION","United States Senator","Statewide","Republican","OZ, MEHMET C","0","0","0","0","0","0","0","0","0","0","0","0"
"2022 General Election","CLARION","United States Senator","Statewide","Libertarian","GERHARDT, ERIK","0","0","0","0","0","0","0","0","0","0","0","0"
"2022 General Election","CLARION","United States Senator","Statewide","Green Party","WEISS, RICHARD L","0","0","0","0","0","0","0","0","0","0","0","0"
"2022 General Election","CLARION","United States Senator","Statewide","Keystone","WASSMER, DANIEL","0","0","0","0","0","0","0","0","0","0","0","0"
"2022 General Election","CLARION","Governor","Statewide","Democratic","SHAPIRO, JOSHUA D","0","0","0","0","0","0","0","0","0","0","0","0"
"2022 General Election","CLARION","Governor","Statewide","Republican","MASTRIANO, DOUGLAS V","0","0","0","0","0","0","0","0","0","0","0","0"
"2022 General Election","CLARION","Governor","Statewide","Libertarian","HACKENBURG, JONATHAN MATTHEW","0","0","0","0","0","0","0","0","0","0","0","0"
"2022 General Election","CLARION","Governor","Statewide","Green Party","DIGIULIO, CHRISTINA PK","0","0","0","0","0","0","0","0","0","0","0","0"
"2022 General Election","CLARION","Governor","Statewide","Keystone","SOLOSKI, JOSEPH P","0","0","0","0","0","0","0","0","0","0","0","0"
"2022 General Election","CLEARFIELD","United States Senator","Statewide","Democratic","FETTERMAN, JOHN K","0","0","0","0","0","0","0","0","0","0","0","0"
"2022 General Election","CLEARFIELD","United States Senator","Statewide","Republican","OZ, MEHMET C","0","0","0","0","0","0","0","0","0","0","0","0"
"2022 General Election","CLEARFIELD","United States Senator","Statewide","Libertarian","GERHARDT, ERIK","0","0","0","0","0","0","0","0","0","0","0","0"
"2022 General Election","CLEARFIELD","United States Senator","Statewide","Green Party","WEISS, RICHARD L","0","0","0","0","0","0","0","0","0","0","0","0"
"2022 General Election","CLEARFIELD","United States Senator","Statewide","Keystone","WASSMER, DANIEL","0","0","0","0","0","0","0","0","0","0","0","0"
"2022 General Election","CLEARFIELD","Governor","Statewide","Democratic","SHAPIRO, JOSHUA D","0","0","0","0","0","0","0","0","0","0","0","0"
"2022 General Election","CLEARFIELD","Governor","Statewide","Republican","MASTRIANO, DOUGLAS V","0","0","0","0","0","0","0","0","0","0","0","0"
"2022 General Election","CLEARFIELD","Governor","Statewide","Libertarian","HACKENBURG, JONATHAN MATTHEW","0","0","0","0","0","0","0","0","0","0","0","0"
"2022 General Election","CLEARFIELD","Governor","Statewide","Green Party","DIGIULIO, CHRISTINA PK","0","0","0","0","0","0","0","0","0","0","0","0"
"2022 General Election","CLEARFIELD","Governor","Statewide","Keystone","SOLOSKI, JOSEPH P","0","0","0","0","0","0","0","0","0","0","0","0"
"2022 General Election","CLINTON","United States Senator","Statewide","Democratic","FETTERMAN, JOHN K","0","0","0","0","0","0","0","0","0","0","0","0"
"2022 General Election","CLINTON","United States Senator","Statewide","Republican","OZ, MEHMET C","0","0","0","0","0","0","0","0","0","0","0","0"
"2022 General Election","CLINTON","United States Senator","Statewide","Libertarian","GERHARDT, ERIK","0","0","0","0","0","0","0","0","0","0","0","0"
"2022 General Election","CLINTON","United States Senator","Statewide","Green Party","WEISS, RICHARD L","0","0","0","0","0","0","0","0","0","0","0","0"
"2022 General Election","CLINTON","United States Senator","Statewide","Keystone","WASSMER, DANIEL","0","0","0","0","0","0","0","0","0","0","0","0"
"2022 General Election","CLINTON","Governor","Statewide","Democratic","SHAPIRO, JOSHUA D","0","0","0","0","0","0","0","0","0","0","0","0"
"2022 General Election","CLINTON","Governor","Statewide","Republican","MASTRIANO, DOUGLAS V","0","0","0","0","0","0","0","0","0","0","0","0"
"2022 General Election","CLINTON","Governor","Statewide","Libertarian","HACKENBURG, JONATHAN MATTHEW","0","0","0","0","0","0","0","0","0","0","0","0"
"2022 General Election","CLINTON","Governor","Statewide","Green Party","DIGIULIO, CHRISTINA PK","0","0","0","0","0","0","0","0","0","0","0","0"
"2022 General Election","CLINTON","Governor","Statewide","Keystone","SOLOSKI, JOSEPH P","0","0","0","0","0","0","0","0","0","0","0","0"
"2022 General Election","COLUMBIA","United States Senator","Statewide","Democratic","FETTERMAN, JOHN K","0","0","0","0","0","0","0","0","0","0","0","0"
"2022 General Election","COLUMBIA","United States Senator","Statewide","Republican","OZ, MEHMET C","0","0","0","0","0","0","0","0","0","0","0","0"
"2022 General Election","COLUMBIA","United States Senator","Statewide","Libertarian","GERHARDT, ERIK","0","0","0","0","0","0","0","0","0","0","0","0"
"2022 General Election","COLUMBIA","United States Senator","Statewide","Green Party","WEISS, RICHARD L","0","0","0","0","0","0","0","0","0","0","0","0"
"2022 General Election","COLUMBIA","United States Senator","Statewide","Keystone","WASSMER, DANIEL","0","0","0","0","0","0","0","0","0","0","0","0"
"2022 General Election","COLUMBIA","Governor","Statewide","Democratic","SHAPIRO, JOSHUA D","0","0","0","0","0","0","0","0","0","0","0","0"
"2022 General Election","COLUMBIA","Governor","Statewide","Republican","MASTRIANO, DOUGLAS V","0","0","0","0","0","0","0","0","0","0","0","0"
"2022 General Election","COLUMBIA","Governor","Statewide","Libertarian","HACKENBURG, JONATHAN MATTHEW","0","0","0","0","0","0","0","0","0","0","0","0"
"2022 General Election","COLUMBIA","Governor","Statewide","Green Party","DIGIULIO, CHRISTINA PK","0","0","0","0","0","0","0","0","0","0","0","0"
"2022 General Election","COLUMBIA","Governor","Statewide","Keystone","SOLOSKI, JOSEPH P","0","0","0","0","0","0","0","0","0","0","0","0"
"2022 General Election","CRAWFORD","United States Senator","Statewide","Democratic","FETTERMAN, JOHN K","0","0","0","0","0","0","0","0","0","0","0","0"
"2022 General Election","CRAWFORD","United States Senator","Statewide","Republican","OZ, MEHMET C","0","0","0","0","0","0","0","0","0","0","0","0"
"2022 General Election","CRAWFORD","United States Senator","Statewide","Libertarian","GERHARDT, ERIK","0","0","0","0","0","0","0","0","0","0","0","0"
"2022 General Election","CRAWFORD","United States Senator","Statewide","Green Party","WEISS, RICHARD L","0","0","0","0","0","0","0","0","0","0","0","0"
"2022 General Election","CRAWFORD","United States Senator","Statewide","Keystone","WASSMER, DANIEL","0","0","0","0","0","0","0","0","0","0","0","0"
"2022 General Election","CRAWFORD","Governor","Statewide","Democratic","SHAPIRO, JOSHUA D","0","0","0","0","0","0","0","0","0","0","0","0"
"2022 General Election","CRAWFORD","Governor","Statewide","Republican","MASTRIANO, DOUGLAS V","0","0","0","0","0","0","0","0","0","0","0","0"
"2022 General Election","CRAWFORD","Governor","Statewide","Libertarian","HACKENBURG, JONATHAN MATTHEW","0","0","0","0","0","0","0","0","0","0","0","0"
"2022 General Election","CRAWFORD","Governor","Statewide","Green Party","DIGIULIO, CHRISTINA PK","0","0","0","0","0","0","0","0","0","0","0","0"
"2022 General Election","CRAWFORD","Governor","Statewide","Keystone","SOLOSKI, JOSEPH P","0","0","0","0","0","0","0","0","0","0","0","0"
"2022 General Election","CUMBERLAND","United States Senator","Statewide","Democratic","FETTERMAN, JOHN K","0","0","0","0","0","0","0","0","0","0","0","0"
"2022 General Election","CUMBERLAND","United States Senator","Statewide","Republican","OZ, MEHMET C","0","0","0","0","0","0","0","0","0","0","0","0"
"2022 General Election","CUMBERLAND","United States Senator","Statewide","Libertarian","GERHARDT, ERIK","0","0","0","0","0","0","0","0","0","0","0","0"
"2022 General Election","CUMBERLAND","United States Senator","Statewide","Green Party","WEISS, RICHARD L","0","0","0","0","0","0","0","0","0","0","0","0"
"2022 General Election","CUMBERLAND","United States Senator","Statewide","Keystone","WASSMER, DANIEL","0","0","0","0","0","0","0","0","0","0","0","0"
"2022 General Election","CUMBERLAND","Governor","Statewide","Democratic","SHAPIRO, JOSHUA D","0","0","0","0","0","0","0","0","0","0","0","0"
"2022 General Election","CUMBERLAND","Governor","Statewide","Republican","MASTRIANO, DOUGLAS V","0","0","0","0","0","0","0","0","0","0","0","0"
"2022 General Election","CUMBERLAND","Governor","Statewide","Libertarian","HACKENBURG, JONATHAN MATTHEW","0","0","0","0","0","0","0","0","0","0","0","0"
"2022 General Election","CUMBERLAND","Governor","Statewide","Green Party","DIGIULIO, CHRISTINA PK","0","0","0","0","0","0","0","0","0","0","0","0"
"2022 General Election","CUMBERLAND","Governor","Statewide","Keystone","SOLOSKI, JOSEPH P","0","0","0","0","0","0","0","0","0","0","0","0"
"2022 General Election","DAUPHIN","United States Senator","Statewide","Democratic","FETTERMAN, JOHN K","0","0","0","0","0","0","0","0","0","0","0","0"
"2022 General Election","DAUPHIN","United States Senator","Statewide","Republican","OZ, MEHMET C","0","0","0","0","0","0","0","0","0","0","0","0"
"2022 General Election","DAUPHIN","United States Senator","Statewide","Libertarian","GERHARDT, ERIK","0","0","0","0","0","0","0","0","0","0","0","0"
"2022 General Election","DAUPHIN","United States Senator","Statewide","Green Party","WEISS, RICHARD L","0","0","0","0","0","0","0","0","0","0","0","0"
"2022 General Election","DAUPHIN","United States Senator","Statewide","Keystone","WASSMER, DANIEL","0","0","0","0","0","0","0","0","0","0","0","0"
"2022 General Election","DAUPHIN","Governor","Statewide","Democratic","SHAPIRO, JOSHUA D","0","0","0","0","0","0","0","0","0","0","0","0"
"2022 General Election","DAUPHIN","Governor","Statewide","Republican","MASTRIANO, DOUGLAS V","0","0","0","0","0","0","0","0","0","0","0","0"
"2022 General Election","DAUPHIN","Governor","Statewide","Libertarian","HACKENBURG, JONATHAN MATTHEW","0","0","0","0","0","0","0","0","0","0","0","0"
"2022 General Election","DAUPHIN","Governor","Statewide","Green Party","DIGIULIO, CHRISTINA PK","0","0","0","0","0","0","0","0","0","0","0","0"
"2022 General Election","DAUPHIN","Governor","Statewide","Keystone","SOLOSKI, JOSEPH P","0","0","0","0","0","0","0","0","0","0","0","0"
"2022 General Election","DELAWARE","United States Senator","Statewide","Democratic","FETTERMAN, JOHN K","0","0","0","0","0","0","0","0","0","0","0","0"
"2022 General Election","DELAWARE","United States Senator","Statewide","Republican","OZ, MEHMET C","0","0","0","0","0","0","0","0","0","0","0","0"
"2022 General Election","DELAWARE","United States Senator","Statewide","Libertarian","GERHARDT, ERIK","0","0","0","0","0","0","0","0","0","0","0","0"
"2022 General Election","DELAWARE","United States Senator","Statewide","Green Party","WEISS, RICHARD L","0","0","0","0","0","0","0","0","0","0","0","0"
"2022 General Election","DELAWARE","United States Senator","Statewide","Keystone","WASSMER, DANIEL","0","0","0","0","0","0","0","0","0","0","0","0"
"2022 General Election","DELAWARE","Governor","Statewide","Democratic","SHAPIRO, JOSHUA D","0","0","0","0","0","0","0","0","0","0","0","0"
"2022 General Election","DELAWARE","Governor","Statewide","Republican","MASTRIANO, DOUGLAS V","0","0","0","0","0","0","0","0","0","0","0","0"
"2022 General Election","DELAWARE","Governor","Statewide","Libertarian","HACKENBURG, JONATHAN MATTHEW","0","0","0","0","0","0","0","0","0","0","0","0"
"2022 General Election","DELAWARE","Governor","Statewide","Green Party","DIGIULIO, CHRISTINA PK","0","0","0","0","0","0","0","0","0","0","0","0"
"2022 General Election","DELAWARE","Governor","Statewide","Keystone","SOLOSKI, JOSEPH P","0","0","0","0","0","0","0","0","0","0","0","0"
"2022 General Election","ELK","United States Senator","Statewide","Democratic","FETTERMAN, JOHN K","0","0","0","0","0","0","0","0","0","0","0","0"
"2022 General Election","ELK","United States Senator","Statewide","Republican","OZ, MEHMET C","0","0","0","0","0","0","0","0","0","0","0","0"
"2022 General Election","ELK","United States Senator","Statewide","Libertarian","GERHARDT, ERIK","0","0","0","0","0","0","0","0","0","0","0","0"
"2022 General Election","ELK","United States Senator","Statewide","Green Party","WEISS, RICHARD L","0","0","0","0","0","0","0","0","0","0","0","0"
"2022 General Election","ELK","United States Senator","Statewide","Keystone","WASSMER, DANIEL","0","0","0","0","0","0","0","0","0","0","0","0"
"2022 General Election","ELK","Governor","Statewide","Democratic","SHAPIRO, JOSHUA D","0","0","0","0","0","0","0","0","0","0","0","0"
"2022 General Election","ELK","Governor","Statewide","Republican","MASTRIANO, DOUGLAS V","0","0","0","0","0","0","0","0","0","0","0","0"
"2022 General Election","ELK","Governor","Statewide","Libertarian","HACKENBURG, JONATHAN MATTHEW","0","0","0","0","0","0","0","0","0","0","0","0"
"2022 General Election","ELK","Governor","Statewide","Green Party","DIGIULIO, CHRISTINA PK","0","0","0","0","0","0","0","0","0","0","0","0"
"2022 General Election","ELK","Governor","Statewide","Keystone","SOLOSKI, JOSEPH P","0","0","0","0","0","0","0","0","0","0","0","0"
"2022 General Election","ERIE","United States Senator","Statewide","Democratic","FETTERMAN, JOHN K","0","0","0","0","0","0","0","0","0","0","0","0"
"2022 General Election","ERIE","United States Senator","Statewide","Republican","OZ, MEHMET C","0","0","0","0","0","0","0","0","0","0","0","0"
"2022 General Election","ERIE","United States Senator","Statewide","Libertarian","GERHARDT, ERIK","0","0","0","0","0","0","0","0","0","0","0","0"
"2022 General Election","ERIE","United States Senator","Statewide","Green Party","WEISS, RICHARD L","0","0","0","0","0","0","0","0","0","0","0","0"
"2022 General Election","ERIE","United States Senator","Statewide","Keystone","WASSMER, DANIEL","0","0","0","0","0","0","0","0","0","0","0","0"
"2022 General Election","ERIE","Governor","Statewide","Democratic","SHAPIRO, JOSHUA D","0","0","0","0","0","0","0","0","0","0","0","0"
"2022 General Election","ERIE","Governor","Statewide","Republican","MASTRIANO, DOUGLAS V","0","0","0","0","0","0","0","0","0","0","0","0"
"2022 General Election","ERIE","Governor","Statewide","Libertarian","HACKENBURG, JONATHAN MATTHEW","0","0","0","0","0","0","0","0","0","0","0","0"
"2022 General Election","ERIE","Governor","Statewide","Green Party","DIGIULIO, CHRISTINA PK","0","0","0","0","0","0","0","0","0","0","0","0"
"2022 General Election","ERIE","Governor","Statewide","Keystone","SOLOSKI, JOSEPH P","0","0","0","0","0","0","0","0","0","0","0","0"
"2022 General Election","FAYETTE","United States Senator","Statewide","Democratic","FETTERMAN, JOHN K","0","0","0","0","0","0","0","0","0","0","0","0"
"2022 General Election","FAYETTE","United States Senator","Statewide","Republican","OZ, MEHMET C","0","0","0","0","0","0","0","0","0","0","0","0"
"2022 General Election","FAYETTE","United States Senator","Statewide","Libertarian","GERHARDT, ERIK","0","0","0","0","0","0","0","0","0","0","0","0"
"2022 General Election","FAYETTE","United States Senator","Statewide","Green Party","WEISS, RICHARD L","0","0","0","0","0","0","0","0","0","0","0","0"
"2022 General Election","FAYETTE","United States Senator","Statewide","Keystone","WASSMER, DANIEL","0","0","0","0","0","0","0","0","0","0","0","0"
"2022 General Election","FAYETTE","Governor","Statewide","Democratic","SHAPIRO, JOSHUA D","0","0","0","0","0","0","0","0","0","0","0","0"
"2022 General Election","FAYETTE","Governor","Statewide","Republican","MASTRIANO, DOUGLAS V","0","0","0","0","0","0","0","0","0","0","0","0"
"2022 General Election","FAYETTE","Governor","Statewide","Libertarian","HACKENBURG, JONATHAN MATTHEW","0","0","0","0","0","0","0","0","0","0","0","0"
"2022 General Election","FAYETTE","Governor","Statewide","Green Party","DIGIULIO, CHRISTINA PK","0","0","0","0","0","0","0","0","0","0","0","0"
"2022 General Election","FAYETTE","Governor","Statewide","Keystone","SOLOSKI, JOSEPH P","0","0","0","0","0","0","0","0","0","0","0","0"
"2022 General Election","FOREST","United States Senator","Statewide","Democratic","FETTERMAN, JOHN K","0","0","0","0","0","0","0","0","0","0","0","0"
"2022 General Election","FOREST","United States Senator","Statewide","Republican","OZ, MEHMET C","0","0","0","0","0","0","0","0","0","0","0","0"
"2022 General Election","FOREST","United States Senator","Statewide","Libertarian","GERHARDT, ERIK","0","0","0","0","0","0","0","0","0","0","0","0"
"2022 General Election","FOREST","United States Senator","Statewide","Green Party","WEISS, RICHARD L","0","0","0","0","0","0","0","0","0","0","0","0"
"2022 General Election","FOREST","United States Senator","Statewide","Keystone","WASSMER, DANIEL","0","0","0","0","0","0","0","0","0","0","0","0"
"2022 General Election","FOREST","Governor","Statewide","Democratic","SHAPIRO, JOSHUA D","0","0","0","0","0","0","0","0","0","0","0","0"
"2022 General Election","FOREST","Governor","Statewide","Republican","MASTRIANO, DOUGLAS V","0","0","0","0","0","0","0","0","0","0","0","0"
"2022 General Election","FOREST","Governor","Statewide","Libertarian","HACKENBURG, JONATHAN MATTHEW","0","0","0","0","0","0","0","0","0","0","0","0"
"2022 General Election","FOREST","Governor","Statewide","Green Party","DIGIULIO, CHRISTINA PK","0","0","0","0","0","0","0","0","0","0","0","0"
"2022 General Election","FOREST","Governor","Statewide","Keystone","SOLOSKI, JOSEPH P","0","0","0","0","0","0","0","0","0","0","0","0"
"2022 General Election","FRANKLIN","United States Senator","Statewide","Democratic","FETTERMAN, JOHN K","0","0","0","0","0","0","0","0","0","0","0","0"
"2022 General Election","FRANKLIN","United States Senator","Statewide","Republican","OZ, MEHMET C","0","0","0","0","0","0","0","0","0","0","0","0"
"2022 General Election","FRANKLIN","United States Senator","Statewide","Libertarian","GERHARDT, ERIK","0","0","0","0","0","0","0","0","0","0","0","0"
"2022 General Election","FRANKLIN","United States Senator","Statewide","Green Party","WEISS, RICHARD L","0","0","0","0","0","0","0","0","0","0","0","0"
"2022 General Election","FRANKLIN","United States Senator","Statewide","Keystone","WASSMER, DANIEL","0","0","0","0","0","0","0","0","0","0","0","0"
"2022 General Election","FRANKLIN","Governor","Statewide","Democratic","SHAPIRO, JOSHUA D","0","0","0","0","0","0","0","0","0","0","0","0"
"2022 General Election","FRANKLIN","Governor","Statewide","Republican","MASTRIANO, DOUGLAS V","0","0","0","0","0","0","0","0","0","0","0","0"
"2022 General Election","FRANKLIN","Governor","Statewide","Libertarian","HACKENBURG, JONATHAN MATTHEW","0","0","0","0","0","0","0","0","0","0","0","0"
"2022 General Election","FRANKLIN","Governor","Statewide","Green Party","DIGIULIO, CHRISTINA PK","0","0","0","0","0","0","0","0","0","0","0","0"
"2022 General Election","FRANKLIN","Governor","Statewide","Keystone","SOLOSKI, JOSEPH P","0","0","0","0","0","0","0","0","0","0","0","0"
"2022 General Election","FULTON","United States Senator","Statewide","Democratic","FETTERMAN, JOHN K","0","0","0","0","0","0","0","0","0","0","0","0"
"2022 General Election","FULTON","United States Senator","Statewide","Republican","OZ, MEHMET C","0","0","0","0","0","0","0","0","0","0","0","0"
"2022 General Election","FULTON","United States Senator","Statewide","Libertarian","GERHARDT, ERIK","0","0","0","0","0","0","0","0","0","0","0","0"
"2022 General Election","FULTON","United States Senator","Statewide","Green Party","WEISS, RICHARD L","0","0","0","0","0","0","0","0","0","0","0","0"
"2022 General Election","FULTON","United States Senator","Statewide","Keystone","WASSMER, DANIEL","0","0","0","0","0","0","0","0","0","0","0","0"
"2022 General Election","FULTON","Governor","Statewide","Democratic","SHAPIRO, JOSHUA D","0","0","0","0","0","0","0","0","0","0","0","0"
"2022 General Election","FULTON","Governor","Statewide","Republican","MASTRIANO, DOUGLAS V","0","0","0","0","0","0","0","0","0","0","0","0"
"2022 General Election","FULTON","Governor","Statewide","Libertarian","HACKENBURG, JONATHAN MATTHEW","0","0","0","0","0","0","0","0","0","0","0","0"
"2022 General Election","FULTON","Governor","Statewide","Green Party","DIGIULIO, CHRISTINA PK","0","0","0","0","0","0","0","0","0","0","0","0"
"2022 General Election","FULTON","Governor","Statewide","Keystone","SOLOSKI, JOSEPH P","0","0","0","0","0","0","0","0","0","0","0","0"
"2022 General Election","GREENE","United States Senator","Statewide","Democratic","FETTERMAN, JOHN K","0","0","0","0","0","0","0","0","0","0","0","0"
"2022 General Election","GREENE","United States Senator","Statewide","Republican","OZ, MEHMET C","0","0","0","0","0","0","0","0","0","0","0","0"
"2022 General Election","GREENE","United States Senator","Statewide","Libertarian","GERHARDT, ERIK","0","0","0","0","0","0","0","0","0","0","0","0"
"2022 General Election","GREENE","United States Senator","Statewide","Green Party","WEISS, RICHARD L","0","0","0","0","0","0","0","0","0","0","0","0"
"2022 General Election","GREENE","United States Senator","Statewide","Keystone","WASSMER, DANIEL","0","0","0","0","0","0","0","0","0","0","0","0"
"2022 General Election","GREENE","Governor","Statewide","Democratic","SHAPIRO, JOSHUA D","0","0","0","0","0","0","0","0","0","0","0","0"
"2022 General Election","GREENE","Governor","Statewide","Republican","MASTRIANO, DOUGLAS V","0","0","0","0","0","0","0","0","0","0","0","0"
"2022 General Election","GREENE","Governor","Statewide","Libertarian","HACKENBURG, JONATHAN MATTHEW","0","0","0","0","0","0","0","0","0","0","0","0"
"2022 General Election","GREENE","Governor","Statewide","Green Party","DIGIULIO, CHRISTINA PK","0","0","0","0","0","0","0","0","0","0","0","0"
"2022 General Election","GREENE","Governor","Statewide","Keystone","SOLOSKI, JOSEPH P","0","0","0","0","0","0","0","0","0","0","0","0"
"2022 General Election","HUNTINGDON","United States Senator","Statewide","Democratic","FETTERMAN, JOHN K","0","0","0","0","0","0","0","0","0","0","0","0"
"2022 General Election","HUNTINGDON","United States Senator","Statewide","Republican","OZ, MEHMET C","0","0","0","0","0","0","0","0","0","0","0","0"
"2022 General Election","HUNTINGDON","United States Senator","Statewide","Libertarian","GERHARDT, ERIK","0","0","0","0","0","0","0","0","0","0","0","0"
"2022 General Election","HUNTINGDON","United States Senator","Statewide","Green Party","WEISS, RICHARD L","0","0","0","0","0","0","0","0","0","0","0","0"
"2022 General Election","HUNTINGDON","United States Senator","Statewide","Keystone","WASSMER, DANIEL","0","0","0","0","0","0","0","0","0","0","0","0"
"2022 General Election","HUNTINGDON","Governor","Statewide","Democratic","SHAPIRO, JOSHUA D","0","0","0","0","0","0","0","0","0","0","0","0"
"2022 General Election","HUNTINGDON","Governor","Statewide","Republican","MASTRIANO, DOUGLAS V","0","0","0","0","0","0","0","0","0","0","0","0"
"2022 General Election","HUNTINGDON","Governor","Statewide","Libertarian","HACKENBURG, JONATHAN MATTHEW","0","0","0","0","0","0","0","0","0","0","0","0"
"2022 General Election","HUNTINGDON","Governor","Statewide","Green Party","DIGIULIO, CHRISTINA PK","0","0","0","0","0","0","0","0","0","0","0","0"
"2022 General Election","HUNTINGDON","Governor","Statewide","Keystone","SOLOSKI, JOSEPH P","0","0","0","0","0","0","0","0","0","0","0","0"
"2022 General Election","INDIANA","United States Senator","Statewide","Democratic","FETTERMAN, JOHN K","0","0","0","0","0","0","0","0","0","0","0","0"
"2022 General Election","INDIANA","United States Senator","Statewide","Republican","OZ, MEHMET C","0","0","0","0","0","0","0","0","0","0","0","0"
"2022 General Election","INDIANA","United States Senator","Statewide","Libertarian","GERHARDT, ERIK","0","0","0","0","0","0","0","0","0","0","0","0"
"2022 General Election","INDIANA","United States Senator","Statewide","Green Party","WEISS, RICHARD L","0","0","0","0","0","0","0","0","0","0","0","0"
"2022 General Election","INDIANA","United States Senator","Statewide","Keystone","WASSMER, DANIEL","0","0","0","0","0","0","0","0","0","0","0","0"
"2022 General Election","INDIANA","Governor","Statewide","Democratic","SHAPIRO, JOSHUA D","0","0","0","0","0","0","0","0","0","0","0","0"
"2022 General Election","INDIANA","Governor","Statewide","Republican","MASTRIANO, DOUGLAS V","0","0","0","0","0","0","0","0","0","0","0","0"
"2022 General Election","INDIANA","Governor","Statewide","Libertarian","HACKENBURG, JONATHAN MATTHEW","0","0","0","0","0","0","0","0","0","0","0","0"
"2022 General Election","INDIANA","Governor","Statewide","Green Party","DIGIULIO, CHRISTINA PK","0","0","0","0","0","0","0","0","0","0","0","0"
"2022 General Election","INDIANA","Governor","Statewide","Keystone","SOLOSKI, JOSEPH P","0","0","0","0","0","0","0","0","0","0","0","0"
"2022 General Election","JEFFERSON","United States Senator","Statewide","Democratic","FETTERMAN, JOHN K","0","0","0","0","0","0","0","0","0","0","0","0"
"2022 General Election","JEFFERSON","United States Senator","Statewide","Republican","OZ, MEHMET C","0","0","0","0","0","0","0","0","0","0","0","0"
"2022 General Election","JEFFERSON","United States Senator","Statewide","Libertarian","GERHARDT, ERIK","0","0","0","0","0","0","0","0","0","0","0","0"
"2022 General Election","JEFFERSON","United States Senator","Statewide","Green Party","WEISS, RICHARD L","0","0","0","0","0","0","0","0","0","0","0","0"
"2022 General Election","JEFFERSON","United States Senator","Statewide","Keystone","WASSMER, DANIEL","0","0","0","0","0","0","0","0","0","0","0","0"
"2022 General Election","JEFFERSON","Governor","Statewide","Democratic","SHAPIRO, JOSHUA D","0","0","0","0","0","0","0","0","0","0","0","0"
"2022 General Election","JEFFERSON","Governor","Statewide","Republican","MASTRIANO, DOUGLAS V","0","0","0","0","0","0","0","0","0","0","0","0"
"2022 General Election","JEFFERSON","Governor","Statewide","Libertarian","HACKENBURG, JONATHAN MATTHEW","0","0","0","0","0","0","0","0","0","0","0","0"
"2022 General Election","JEFFERSON","Governor","Statewide","Green Party","DIGIULIO, CHRISTINA PK","0","0","0","0","0","0","0","0","0","0","0","0"
"2022 General Election","JEFFERSON","Governor","Statewide","Keystone","SOLOSKI, JOSEPH P","0","0","0","0","0","0","0","0","0","0","0","0"
"2022 General Election","JUNIATA","United States Senator","Statewide","Democratic","FETTERMAN, JOHN K","0","0","0","0","0","0","0","0","0","0","0","0"
"2022 General Election","JUNIATA","United States Senator","Statewide","Republican","OZ, MEHMET C","0","0","0","0","0","0","0","0","0","0","0","0"
"2022 General Election","JUNIATA","United States Senator","Statewide","Libertarian","GERHARDT, ERIK","0","0","0","0","0","0","0","0","0","0","0","0"
"2022 General Election","JUNIATA","United States Senator","Statewide","Green Party","WEISS, RICHARD L","0","0","0","0","0","0","0","0","0","0","0","0"
"2022 General Election","JUNIATA","United States Senator","Statewide","Keystone","WASSMER, DANIEL","0","0","0","0","0","0","0","0","0","0","0","0"
"2022 General Election","JUNIATA","Governor","Statewide","Democratic","SHAPIRO, JOSHUA D","0","0","0","0","0","0","0","0","0","0","0","0"
"2022 General Election","JUNIATA","Governor","Statewide","Republican","MASTRIANO, DOUGLAS V","0","0","0","0","0","0","0","0","0","0","0","0"
"2022 General Election","JUNIATA","Governor","Statewide","Libertarian","HACKENBURG, JONATHAN MATTHEW","0","0","0","0","0","0","0","0","0","0","0","0"
"2022 General Election","JUNIATA","Governor","Statewide","Green Party","DIGIULIO, CHRISTINA PK","0","0","0","0","0","0","0","0","0","0","0","0"
"2022 General Election","JUNIATA","Governor","Statewide","Keystone","SOLOSKI, JOSEPH P","0","0","0","0","0","0","0","0","0","0","0","0"
"2022 General Election","LACKAWANNA","United States Senator","Statewide","Democratic","FETTERMAN, JOHN K","0","0","0","0","0","0","0","0","0","0","0","0"
"2022 General Election","LACKAWANNA","United States Senator","Statewide","Republican","OZ, MEHMET C","0","0","0","0","0","0","0","0","0","0","0","0"
"2022 General Election","LACKAWANNA","United States Senator","Statewide","Libertarian","GERHARDT, ERIK","0","0","0","0","0","0","0","0","0","0","0","0"
"2022 General Election","LACKAWANNA","United States Senator","Statewide","Green Party","WEISS, RICHARD L","0","0","0","0","0","0","0","0","0","0","0","0"
"2022 General Election","LACKAWANNA","United States Senator","Statewide","Keystone","WASSMER, DANIEL","0","0","0","0","0","0","0","0","0","0","0","0"
"2022 General Election","LACKAWANNA","Governor","Statewide","Democratic","SHAPIRO, JOSHUA D","0","0","0","0","0","0","0","0","0","0","0","0"
"2022 General Election","LACKAWANNA","Governor","Statewide","Republican","MASTRIANO, DOUGLAS V","0","0","0","0","0","0","0","0","0","0","0","0"
"2022 General Election","LACKAWANNA","Governor","Statewide","Libertarian","HACKENBURG, JONATHAN MATTHEW","0","0","0","0","0","0","0","0","0","0","0","0"
"2022 General Election","LACKAWANNA","Governor","Statewide","Green Party","DIGIULIO, CHRISTINA PK","0","0","0","0","0","0","0","0","0","0","0","0"
"2022 General Election","LACKAWANNA","Governor","Statewide","Keystone","SOLOSKI, JOSEPH P","0","0","0","0","0","0","0","0","0","0","0","0"
"2022 General Election","LANCASTER","United States Senator","Statewide","Democratic","FETTERMAN, JOHN K","0","0","0","0","0","0","0","0","0","0","0","0"
"2022 General Election","LANCASTER","United States Senator","Statewide","Republican","OZ, MEHMET C","0","0","0","0","0","0","0","0","0","0","0","0"
"2022 General Election","LANCASTER","United States Senator","Statewide","Libertarian","GERHARDT, ERIK","0","0","0","0","0","0","0","0","0","0","0","0"
"2022 General Election","LANCASTER","United States Senator","Statewide","Green Party","WEISS, RICHARD L","0","0","0","0","0","0","0","0","0","0","0","0"
"2022 General Election","LANCASTER","United States Senator","Statewide","Keystone","WASSMER, DANIEL","0","0","0","0","0","0","0","0","0","0","0","0"
"2022 General Election","LANCASTER","Governor","Statewide","Democratic","SHAPIRO, JOSHUA D","0","0","0","0","0","0","0","0","0","0","0","0"
"2022 General Election","LANCASTER","Governor","Statewide","Republican","MASTRIANO, DOUGLAS V","0","0","0","0","0","0","0","0","0","0","0","0"
"2022 General Election","LANCASTER","Governor","Statewide","Libertarian","HACKENBURG, JONATHAN MATTHEW","0","0","0","0","0","0","0","0","0","0","0","0"
"2022 General Election","LANCASTER","Governor","Statewide","Green Party","DIGIULIO, CHRISTINA PK","0","0","0","0","0","0","0","0","0","0","0","0"
"2022 General Election","LANCASTER","Governor","Statewide","Keystone","SOLOSKI, JOSEPH P","0","0","0","0","0","0","0","0","0","0","0","0"
"2022 General Election","LAWRENCE","United States Senator","Statewide","Democratic","FETTERMAN, JOHN K","0","0","0","0","0","0","0","0","0","0","0","0"
"2022 General Election","LAWRENCE","United States Senator","Statewide","Republican","OZ, MEHMET C","0","0","0","0","0","0","0","0","0","0","0","0"
"2022 General Election","LAWRENCE","United States Senator","Statewide","Libertarian","GERHARDT, ERIK","0","0","0","0","0","0","0","0","0","0","0","0"
"2022 General Election","LAWRENCE","United States Senator","Statewide","Green Party","WEISS, RICHARD L","0","0","0","0","0","0","0","0","0","0","0","0"
"2022 General Election","LAWRENCE","United States Senator","Statewide","Keystone","WASSMER, DANIEL","0","0","0","0","0","0","0","0","0","0","0","0"
"2022 General Election","LAWRENCE","Governor","Statewide","Democratic","SHAPIRO, JOSHUA D","0","0","0","0","0","0","0","0","0","0","0","0"
"2022 General Election","LAWRENCE","Governor","Statewide","Republican","MASTRIANO, DOUGLAS V","0","0","0","0","0","0","0","0","0","0","0","0"
"2022 General Election","LAWRENCE","Governor","Statewide","Libertarian","HACKENBURG, JONATHAN MATTHEW","0","0","0","0","0","0","0","0","0","0","0","0"
"2022 General Election","LAWRENCE","Governor","Statewide","Green Party","DIGIULIO, CHRISTINA PK","0","0","0","0","0","0","0","0","0","0","0","0"
"2022 General Election","LAWRENCE","Governor","Statewide","Keystone","SOLOSKI, JOSEPH P","0","0","0","0","0","0","0","0","0","0","0","0"
"2022 General Election","LEBANON","United States Senator","Statewide","Democratic","FETTERMAN, JOHN K","0","0","0","0","0","0","0","0","0","0","0","0"
"2022 General Election","LEBANON","United States Senator","Statewide","Republican","OZ, MEHMET C","0","0","0","0","0","0","0","0","0","0","0","0"
"2022 General Election","LEBANON","United States Senator","Statewide","Libertarian","GERHARDT, ERIK","0","0","0","0","0","0","0","0","0","0","0","0"
"2022 General Election","LEBANON","United States Senator","Statewide","Green Party","WEISS, RICHARD L","0","0","0","0","0","0","0","0","0","0","0","0"
"2022 General Election","LEBANON","United States Senator","Statewide","Keystone","WASSMER, DANIEL","0","0","0","0","0","0","0","0","0","0","0","0"
"2022 General Election","LEBANON","Governor","Statewide","Democratic","SHAPIRO, JOSHUA D","0","0","0","0","0","0","0","0","0","0","0","0"
"2022 General Election","LEBANON","Governor","Statewide","Republican","MASTRIANO, DOUGLAS V","0","0","0","0","0","0","0","0","0","0","0","0"
"2022 General Election","LEBANON","Governor","Statewide","Libertarian","HACKENBURG, JONATHAN MATTHEW","0","0","0","0","0","0","0","0","0","0","0","0"
"2022 General Election","LEBANON","Governor","Statewide","Green Party","DIGIULIO, CHRISTINA PK","0","0","0","0","0","0","0","0","0","0","0","0"
"2022 General Election","LEBANON","Governor","Statewide","Keystone","SOLOSKI, JOSEPH P","0","0","0","0","0","0","0","0","0","0","0","0"
"2022 General Election","LEHIGH","United States Senator","Statewide","Democratic","FETTERMAN, JOHN K","0","0","0","0","0","0","0","0","0","0","0","0"
"2022 General Election","LEHIGH","United States Senator","Statewide","Republican","OZ, MEHMET C","0","0","0","0","0","0","0","0","0","0","0","0"
"2022 General Election","LEHIGH","United States Senator","Statewide","Libertarian","GERHARDT, ERIK","0","0","0","0","0","0","0","0","0","0","0","0"
"2022 General Election","LEHIGH","United States Senator","Statewide","Green Party","WEISS, RICHARD L","0","0","0","0","0","0","0","0","0","0","0","0"
"2022 General Election","LEHIGH","United States Senator","Statewide","Keystone","WASSMER, DANIEL","0","0","0","0","0","0","0","0","0","0","0","0"
"2022 General Election","LEHIGH","Governor","Statewide","Democratic","SHAPIRO, JOSHUA D","0","0","0","0","0","0","0","0","0","0","0","0"
"2022 General Election","LEHIGH","Governor","Statewide","Republican","MASTRIANO, DOUGLAS V","0","0","0","0","0","0","0","0","0","0","0","0"
"2022 General Election","LEHIGH","Governor","Statewide","Libertarian","HACKENBURG, JONATHAN MATTHEW","0","0","0","0","0","0","0","0","0","0","0","0"
"2022 General Election","LEHIGH","Governor","Statewide","Green Party","DIGIULIO, CHRISTINA PK","0","0","0","0","0","0","0","0","0","0","0","0"
"2022 General Election","LEHIGH","Governor","Statewide","Keystone","SOLOSKI, JOSEPH P","0","0","0","0","0","0","0","0","0","0","0","0"
"2022 General Election","LUZERNE","United States Senator","Statewide","Democratic","FETTERMAN, JOHN K","0","0","0","0","0","0","0","0","0","0","0","0"
"2022 General Election","LUZERNE","United States Senator","Statewide","Republican","OZ, MEHMET C","0","0","0","0","0","0","0","0","0","0","0","0"
"2022 General Election","LUZERNE","United States Senator","Statewide","Libertarian","GERHARDT, ERIK","0","0","0","0","0","0","0","0","0","0","0","0"
"2022 General Election","LUZERNE","United States Senator","Statewide","Green Party","WEISS, RICHARD L","0","0","0","0","0","0","0","0","0","0","0","0"
"2022 General Election","LUZERNE","United States Senator","Statewide","Keystone","WASSMER, DANIEL","0","0","0","0","0","0","0","0","0","0","0","0"
"2022 General Election","LUZERNE","Governor","Statewide","Democratic","SHAPIRO, JOSHUA D","0","0","0","0","0","0","0","0","0","0","0","0"
"2022 General Election","LUZERNE","Governor","Statewide","Republican","MASTRIANO, DOUGLAS V","0","0","0","0","0","0","0","0","0","0","0","0"
"2022 General Election","LUZERNE","Governor","Statewide","Libertarian","HACKENBURG, JONATHAN MATTHEW","0","0","0","0","0","0","0","0","0","0","0","0"
"2022 General Election","LUZERNE","Governor","Statewide","Green Party","DIGIULIO, CHRISTINA PK","0","0","0","0","0","0","0","0","0","0","0","0"
"2022 General Election","LUZERNE","Governor","Statewide","Keystone","SOLOSKI, JOSEPH P","0","0","0","0","0","0","0","0","0","0","0","0"
"2022 General Election","LYCOMING","United States Senator","Statewide","Democratic","FETTERMAN, JOHN K","0","0","0","0","0","0","0","0","0","0","0","0"
"2022 General Election","LYCOMING","United States Senator","Statewide","Republican","OZ, MEHMET C","0","0","0","0","0","0","0","0","0","0","0","0"
"2022 General Election","LYCOMING","United States Senator","Statewide","Libertarian","GERHARDT, ERIK","0","0","0","0","0","0","0","0","0","0","0","0"
"2022 General Election","LYCOMING","United States Senator","Statewide","Green Party","WEISS, RICHARD L","0","0","0","0","0","0","0","0","0","0","0","0"
"2022 General Election","LYCOMING","United States Senator","Statewide","Keystone","WASSMER, DANIEL","0","0","0","0","0","0","0","0","0","0","0","0"
"2022 General Election","LYCOMING","Governor","Statewide","Democratic","SHAPIRO, JOSHUA D","0","0","0","0","0","0","0","0","0","0","0","0"
"2022 General Election","LYCOMING","Governor","Statewide","Republican","MASTRIANO, DOUGLAS V","0","0","0","0","0","0","0","0","0","0","0","0"
"2022 General Election","LYCOMING","Governor","Statewide","Libertarian","HACKENBURG, JONATHAN MATTHEW","0","0","0","0","0","0","0","0","0","0","0","0"
"2022 General Election","LYCOMING","Governor","Statewide","Green Party","DIGIULIO, CHRISTINA PK","0","0","0","0","0","0","0","0","0","0","0","0"
"2022 General Election","LYCOMING","Governor","Statewide","Keystone","SOLOSKI, JOSEPH P","0","0","0","0","0","0","0","0","0","0","0","0"
"2022 General Election","McKEAN","United States Senator","Statewide","Democratic","FETTERMAN, JOHN K","0","0","0","0","0","0","0","0","0","0","0","0"
"2022 General Election","McKEAN","United States Senator","Statewide","Republican","OZ, MEHMET C","0","0","0","0","0","0","0","0","0","0","0","0"
"2022 General Election","McKEAN","United States Senator","Statewide","Libertarian","GERHARDT, ERIK","0","0","0","0","0","0","0","0","0","0","0","0"
"2022 General Election","McKEAN","United States Senator","Statewide","Green Party","WEISS, RICHARD L","0","0","0","0","0","0","0","0","0","0","0","0"
"2022 General Election","McKEAN","United States Senator","Statewide","Keystone","WASSMER, DANIEL","0","0","0","0","0","0","0","0","0","0","0","0"
"2022 General Election","McKEAN","Governor","Statewide","Democratic","SHAPIRO, JOSHUA D","0","0","0","0","0","0","0","0","0","0","0","0"
"2022 General Election","McKEAN","Governor","Statewide","Republican","MASTRIANO, DOUGLAS V","0","0","0","0","0","0","0","0","0","0","0","0"
"2022 General Election","McKEAN","Governor","Statewide","Libertarian","HACKENBURG, JONATHAN MATTHEW","0","0","0","0","0","0","0","0","0","0","0","0"
"2022 General Election","McKEAN","Governor","Statewide","Green Party","DIGIULIO, CHRISTINA PK","0","0","0","0","0","0","0","0","0","0","0","0"
"2022 General Election","McKEAN","Governor","Statewide","Keystone","SOLOSKI, JOSEPH P","0","0","0","0","0","0","0","0","0","0","0","0"
"2022 General Election","MERCER","United States Senator","Statewide","Democratic","FETTERMAN, JOHN K","0","0","0","0","0","0","0","0","0","0","0","0"
"2022 General Election","MERCER","United States Senator","Statewide","Republican","OZ, MEHMET C","0","0","0","0","0","0","0","0","0","0","0","0"
"2022 General Election","MERCER","United States Senator","Statewide","Libertarian","GERHARDT, ERIK","0","0","0","0","0","0","0","0","0","0","0","0"
"2022 General Election","MERCER","United States Senator","Statewide","Green Party","WEISS, RICHARD L","0","0","0","0","0","0","0","0","0","0","0","0"
"2022 General Election","MERCER","United States Senator","Statewide","Keystone","WASSMER, DANIEL","0","0","0","0","0","0","0","0","0","0","0","0"
"2022 General Election","MERCER","Governor","Statewide","Democratic","SHAPIRO, JOSHUA D","0","0","0","0","0","0","0","0","0","0","0","0"
"2022 General Election","MERCER","Governor","Statewide","Republican","MASTRIANO, DOUGLAS V","0","0","0","0","0","0","0","0","0","0","0","0"
"2022 General Election","MERCER","Governor","Statewide","Libertarian","HACKENBURG, JONATHAN MATTHEW","0","0","0","0","0","0","0","0","0","0","0","0"
"2022 General Election","MERCER","Governor","Statewide","Green Party","DIGIULIO, CHRISTINA PK","0","0","0","0","0","0","0","0","0","0","0","0"
"2022 General Election","MERCER","Governor","Statewide","Keystone","SOLOSKI, JOSEPH P","0","0","0","0","0","0","0","0","0","0","0","0"
"2022 General Election","MIFFLIN","United States Senator","Statewide","Democratic","FETTERMAN, JOHN K","0","0","0","0","0","0","0","0","0","0","0","0"
"2022 General Election","MIFFLIN","United States Senator","Statewide","Republican","OZ, MEHMET C","0","0","0","0","0","0","0","0","0","0","0","0"
"2022 General Election","MIFFLIN","United States Senator","Statewide","Libertarian","GERHARDT, ERIK","0","0","0","0","0","0","0","0","0","0","0","0"
"2022 General Election","MIFFLIN","United States Senator","Statewide","Green Party","WEISS, RICHARD L","0","0","0","0","0","0","0","0","0","0","0","0"
"2022 General Election","MIFFLIN","United States Senator","Statewide","Keystone","WASSMER, DANIEL","0","0","0","0","0","0","0","0","0","0","0","0"
"2022 General Election","MIFFLIN","Governor","Statewide","Democratic","SHAPIRO, JOSHUA D","0","0","0","0","0","0","0","0","0","0","0","0"
"2022 General Election","MIFFLIN","Governor","Statewide","Republican","MASTRIANO, DOUGLAS V","0","0","0","0","0","0","0","0","0","0","0","0"
"2022 General Election","MIFFLIN","Governor","Statewide","Libertarian","HACKENBURG, JONATHAN MATTHEW","0","0","0","0","0","0","0","0","0","0","0","0"
"2022 General Election","MIFFLIN","Governor","Statewide","Green Party","DIGIULIO, CHRISTINA PK","0","0","0","0","0","0","0","0","0","0","0","0"
"2022 General Election","MIFFLIN","Governor","Statewide","Keystone","SOLOSKI, JOSEPH P","0","0","0","0","0","0","0","0","0","0","0","0"
"2022 General Election","MONROE","United States Senator","Statewide","Democratic","FETTERMAN, JOHN K","0","0","0","0","0","0","0","0","0","0","0","0"
"2022 General Election","MONROE","United States Senator","Statewide","Republican","OZ, MEHMET C","0","0","0","0","0","0","0","0","0","0","0","0"
"2022 General Election","MONROE","United States Senator","Statewide","Libertarian","GERHARDT, ERIK","0","0","0","0","0","0","0","0","0","0","0","0"
"2022 General Election","MONROE","United States Senator","Statewide","Green Party","WEISS, RICHARD L","0","0","0","0","0","0","0","0","0","0","0","0"
"2022 General Election","MONROE","United States Senator","Statewide","Keystone","WASSMER, DANIEL","0","0","0","0","0","0","0","0","0","0","0","0"
"2022 General Election","MONROE","Governor","Statewide","Democratic","SHAPIRO, JOSHUA D","0","0","0","0","0","0","0","0","0","0","0","0"
"2022 General Election","MONROE","Governor","Statewide","Republican","MASTRIANO, DOUGLAS V","0","0","0","0","0","0","0","0","0","0","0","0"
"2022 General Election","MONROE","Governor","Statewide","Libertarian","HACKENBURG, JONATHAN MATTHEW","0","0","0","0","0","0","0","0","0","0","0","0"
"2022 General Election","MONROE","Governor","Statewide","Green Party","DIGIULIO, CHRISTINA PK","0","0","0","0","0","0","0","0","0","0","0","0"
"2022 General Election","MONROE","Governor","Statewide","Keystone","SOLOSKI, JOSEPH P","0","0","0","0","0","0","0","0","0","0","0","0"
"2022 General Election","MONTGOMERY","United States Senator","Statewide","Democratic","FETTERMAN, JOHN K","0","0","0","0","0","0","0","0","0","0","0","0"
"2022 General Election","MONTGOMERY","United States Senator","Statewide","Republican","OZ, MEHMET C","0","0","0","0","0","0","0","0","0","0","0","0"
"2022 General Election","MONTGOMERY","United States Senator","Statewide","Libertarian","GERHARDT, ERIK","0","0","0","0","0","0","0","0","0","0","0","0"
"2022 General Election","MONTGOMERY","United States Senator","Statewide","Green Party","WEISS, RICHARD L","0","0","0","0","0","0","0","0","0","0","0","0"
"2022 General Election","MONTGOMERY","United States Senator","Statewide","Keystone","WASSMER, DANIEL","0","0","0","0","0","0","0","0","0","0","0","0"
"2022 General Election","MONTGOMERY","Governor","Statewide","Democratic","SHAPIRO, JOSHUA D","0","0","0","0","0","0","0","0","0","0","0","0"
"2022 General Election","MONTGOMERY","Governor","Statewide","Republican","MASTRIANO, DOUGLAS V","0","0","0","0","0","0","0","0","0","0","0","0"
"2022 General Election","MONTGOMERY","Governor","Statewide","Libertarian","HACKENBURG, JONATHAN MATTHEW","0","0","0","0","0","0","0","0","0","0","0","0"
"2022 General Election","MONTGOMERY","Governor","Statewide","Green Party","DIGIULIO, CHRISTINA PK","0","0","0","0","0","0","0","0","0","0","0","0"
"2022 General Election","MONTGOMERY","Governor","Statewide","Keystone","SOLOSKI, JOSEPH P","0","0","0","0","0","0","0","0","0","0","0","0"
"2022 General Election","MONTOUR","United States Senator","Statewide","Democratic","FETTERMAN, JOHN K","0","0","0","0","0","0","0","0","0","0","0","0"
"2022 General Election","MONTOUR","United States Senator","Statewide","Republican","OZ, MEHMET C","0","0","0","0","0","0","0","0","0","0","0","0"
"2022 General Election","MONTOUR","United States Senator","Statewide","Libertarian","GERHARDT, ERIK","0","0","0","0","0","0","0","0","0","0","0","0"
"2022 General Election","MONTOUR","United States Senator","Statewide","Green Party","WEISS, RICHARD L","0","0","0","0","0","0","0","0","0","0","0","0"
"2022 General Election","MONTOUR","United States Senator","Statewide","Keystone","WASSMER, DANIEL","0","0","0","0","0","0","0","0","0","0","0","0"
"2022 General Election","MONTOUR","Governor","Statewide","Democratic","SHAPIRO, JOSHUA D","0","0","0","0","0","0","0","0","0","0","0","0"
"2022 General Election","MONTOUR","Governor","Statewide","Republican","MASTRIANO, DOUGLAS V","0","0","0","0","0","0","0","0","0","0","0","0"
"2022 General Election","MONTOUR","Governor","Statewide","Libertarian","HACKENBURG, JONATHAN MATTHEW","0","0","0","0","0","0","0","0","0","0","0","0"
"2022 General Election","MONTOUR","Governor","Statewide","Green Party","DIGIULIO, CHRISTINA PK","0","0","0","0","0","0","0","0","0","0","0","0"
"2022 General Election","MONTOUR","Governor","Statewide","Keystone","SOLOSKI, JOSEPH P","0","0","0","0","0","0","0","0","0","0","0","0"
"2022 General Election","NORTHAMPTON","United States Senator","Statewide","Democratic","FETTERMAN, JOHN K","0","0","0","0","0","0","0","0","0","0","0","0"
"2022 General Election","NORTHAMPTON","United States Senator","Statewide","Republican","OZ, MEHMET C","0","0","0","0","0","0","0","0","0","0","0","0"
"2022 General Election","NORTHAMPTON","United States Senator","Statewide","Libertarian","GERHARDT, ERIK","0","0","0","0","0","0","0","0","0","0","0","0"
"2022 General Election","NORTHAMPTON","United States Senator","Statewide","Green Party","WEISS, RICHARD L","0","0","0","0","0","0","0","0","0","0","0","0"
"2022 General Election","NORTHAMPTON","United States Senator","Statewide","Keystone","WASSMER, DANIEL","0","0","0","0","0","0","0","0","0","0","0","0"
"2022 General Election","NORTHAMPTON","Governor","Statewide","Democratic","SHAPIRO, JOSHUA D","0","0","0","0","0","0","0","0","0","0","0","0"
"2022 General Election","NORTHAMPTON","Governor","Statewide","Republican","MASTRIANO, DOUGLAS V","0","0","0","0","0","0","0","0","0","0","0","0"
"2022 General Election","NORTHAMPTON","Governor","Statewide","Libertarian","HACKENBURG, JONATHAN MATTHEW","0","0","0","0","0","0","0","0","0","0","0","0"
"2022 General Election","NORTHAMPTON","Governor","Statewide","Green Party","DIGIULIO, CHRISTINA PK","0","0","0","0","0","0","0","0","0","0","0","0"
"2022 General Election","NORTHAMPTON","Governor","Statewide","Keystone","SOLOSKI, JOSEPH P","0","0","0","0","0","0","0","0","0","0","0","0"
"2022 General Election","NORTHUMBERLAND","United States Senator","Statewide","Democratic","FETTERMAN, JOHN K","0","0","0","0","0","0","0","0","0","0","0","0"
"2022 General Election","NORTHUMBERLAND","United States Senator","Statewide","Republican","OZ, MEHMET C","0","0","0","0","0","0","0","0","0","0","0","0"
"2022 General Election","NORTHUMBERLAND","United States Senator","Statewide","Libertarian","GERHARDT, ERIK","0","0","0","0","0","0","0","0","0","0","0","0"
"2022 General Election","NORTHUMBERLAND","United States Senator","Statewide","Green Party","WEISS, RICHARD L","0","0","0","0","0","0","0","0","0","0","0","0"
"2022 General Election","NORTHUMBERLAND","United States Senator","Statewide","Keystone","WASSMER, DANIEL","0","0","0","0","0","0","0","0","0","0","0","0"
"2022 General Election","NORTHUMBERLAND","Governor","Statewide","Democratic","SHAPIRO, JOSHUA D","0","0","0","0","0","0","0","0","0","0","0","0"
"2022 General Election","NORTHUMBERLAND","Governor","Statewide","Republican","MASTRIANO, DOUGLAS V","0","0","0","0","0","0","0","0","0","0","0","0"
"2022 General Election","NORTHUMBERLAND","Governor","Statewide","Libertarian","HACKENBURG, JONATHAN MATTHEW","0","0","0","0","0","0","0","0","0","0","0","0"
"2022 General Election","NORTHUMBERLAND","Governor","Statewide","Green Party","DIGIULIO, CHRISTINA PK","0","0","0","0","0","0","0","0","0","0","0","0"
"2022 General Election","NORTHUMBERLAND","Governor","Statewide","Keystone","SOLOSKI, JOSEPH P","0","0","0","0","0","0","0","0","0","0","0","0"
"2022 General Election","PERRY","United States Senator","Statewide","Democratic","FETTERMAN, JOHN K","0","0","0","0","0","0","0","0","0","0","0","0"
"2022 General Election","PERRY","United States Senator","Statewide","Republican","OZ, MEHMET C","0","0","0","0","0","0","0","0","0","0","0","0"
"2022 General Election","PERRY","United States Senator","Statewide","Libertarian","GERHARDT, ERIK","0","0","0","0","0","0","0","0","0","0","0","0"
"2022 General Election","PERRY","United States Senator","Statewide","Green Party","WEISS, RICHARD L","0","0","0","0","0","0","0","0","0","0","0","0"
"2022 General Election","PERRY","United States Senator","Statewide","Keystone","WASSMER, DANIEL","0","0","0","0","0","0","0","0","0","0","0","0"
"2022 General Election","PERRY","Governor","Statewide","Democratic","SHAPIRO, JOSHUA D","0","0","0","0","0","0","0","0","0","0","0","0"
"2022 General Election","PERRY","Governor","Statewide","Republican","MASTRIANO, DOUGLAS V","0","0","0","0","0","0","0","0","0","0","0","0"
"2022 General Election","PERRY","Governor","Statewide","Libertarian","HACKENBURG, JONATHAN MATTHEW","0","0","0","0","0","0","0","0","0","0","0","0"
"2022 General Election","PERRY","Governor","Statewide","Green Party","DIGIULIO, CHRISTINA PK","0","0","0","0","0","0","0","0","0","0","0","0"
"2022 General Election","PERRY","Governor","Statewide","Keystone","SOLOSKI, JOSEPH P","0","0","0","0","0","0","0","0","0","0","0","0"
"2022 General Election","PHILADELPHIA","United States Senator","Statewide","Democratic","FETTERMAN, JOHN K","0","0","0","0","0","0","0","0","0","0","0","0"
"2022 General Election","PHILADELPHIA","United States Senator","Statewide","Republican","OZ, MEHMET C","0","0","0","0","0","0","0","0","0","0","0","0"
"2022 General Election","PHILADELPHIA","United States Senator","Statewide","Libertarian","GERHARDT, ERIK","0","0","0","0","0","0","0","0","0","0","0","0"
"2022 General Election","PHILADELPHIA","United States Senator","Statewide","Green Party","WEISS, RICHARD L","0","0","0","0","0","0","0","0","0","0","0","0"
"2022 General Election","PHILADELPHIA","United States Senator","Statewide","Keystone","WASSMER, DANIEL","0","0","0","0","0","0","0","0","0","0","0","0"
"2022 General Election","PHILADELPHIA","Governor","Statewide","Democratic","SHAPIRO, JOSHUA D","0","0","0","0","0","0","0","0","0","0","0","0"
"2022 General Election","PHILADELPHIA","Governor","Statewide","Republican","MASTRIANO, DOUGLAS V","0","0","0","0","0","0","0","0","0","0","0","0"
"2022 General Election","PHILADELPHIA","Governor","Statewide","Libertarian","HACKENBURG, JONATHAN MATTHEW","0","0","0","0","0","0","0","0","0","0","0","0"
"2022 General Election","PHILADELPHIA","Governor","Statewide","Green Party","DIGIULIO, CHRISTINA PK","0","0","0","0","0","0","0","0","0","0","0","0"
"2022 General Election","PHILADELPHIA","Governor","Statewide","Keystone","SOLOSKI, JOSEPH P","0","0","0","0","0","0","0","0","0","0","0","0"
"2022 General Election","PIKE","United States Senator","Statewide","Democratic","FETTERMAN, JOHN K","0","0","0","0","0","0","0","0","0","0","0","0"
"2022 General Election","PIKE","United States Senator","Statewide","Republican","OZ, MEHMET C","0","0","0","0","0","0","0","0","0","0","0","0"
"2022 General Election","PIKE","United States Senator","Statewide","Libertarian","GERHARDT, ERIK","0","0","0","0","0","0","0","0","0","0","0","0"
"2022 General Election","PIKE","United States Senator","Statewide","Green Party","WEISS, RICHARD L","0","0","0","0","0","0","0","0","0","0","0","0"
"2022 General Election","PIKE","United States Senator","Statewide","Keystone","WASSMER, DANIEL","0","0","0","0","0","0","0","0","0","0","0","0"
"2022 General Election","PIKE","Governor","Statewide","Democratic","SHAPIRO, JOSHUA D","0","0","0","0","0","0","0","0","0","0","0","0"
"2022 General Election","PIKE","Governor","Statewide","Republican","MASTRIANO, DOUGLAS V","0","0","0","0","0","0","0","0","0","0","0","0"
"2022 General Election","PIKE","Governor","Statewide","Libertarian","HACKENBURG, JONATHAN MATTHEW","0","0","0","0","0","0","0","0","0","0","0","0"
"2022 General Election","PIKE","Governor","Statewide","Green Party","DIGIULIO, CHRISTINA PK","0","0","0","0","0","0","0","0","0","0","0","0"
"2022 General Election","PIKE","Governor","Statewide","Keystone","SOLOSKI, JOSEPH P","0","0","0","0","0","0","0","0","0","0","0","0"
"2022 General Election","POTTER","United States Senator","Statewide","Democratic","FETTERMAN, JOHN K","0","0","0","0","0","0","0","0","0","0","0","0"
"2022 General Election","POTTER","United States Senator","Statewide","Republican","OZ, MEHMET C","0","0","0","0","0","0","0","0","0","0","0","0"
"2022 General Election","POTTER","United States Senator","Statewide","Libertarian","GERHARDT, ERIK","0","0","0","0","0","0","0","0","0","0","0","0"
"2022 General Election","POTTER","United States Senator","Statewide","Green Party","WEISS, RICHARD L","0","0","0","0","0","0","0","0","0","0","0","0"
"2022 General Election","POTTER","United States Senator","Statewide","Keystone","WASSMER, DANIEL","0","0","0","0","0","0","0","0","0","0","0","0"
"2022 General Election","POTTER","Governor","Statewide","Democratic","SHAPIRO, JOSHUA D","0","0","0","0","0","0","0","0","0","0","0","0"
"2022 General Election","POTTER","Governor","Statewide","Republican","MASTRIANO, DOUGLAS V","0","0","0","0","0","0","0","0","0","0","0","0"
"2022 General Election","POTTER","Governor","Statewide","Libertarian","HACKENBURG, JONATHAN MATTHEW","0","0","0","0","0","0","0","0","0","0","0","0"
"2022 General Election","POTTER","Governor","Statewide","Green Party","DIGIULIO, CHRISTINA PK","0","0","0","0","0","0","0","0","0","0","0","0"
"2022 General Election","POTTER","Governor","Statewide","Keystone","SOLOSKI, JOSEPH P","0","0","0","0","0","0","0","0","0","0","0","0"
"2022 General Election","SCHUYLKILL","United States Senator","Statewide","Democratic","FETTERMAN, JOHN K","18","0","0","5","0","0","6","0","0","7","0","0"
"2022 General Election","SCHUYLKILL","United States Senator","Statewide","Republican","OZ, MEHMET C","21","0","0","6","0","0","7","0","0","8","0","0"
"2022 General Election","SCHUYLKILL","United States Senator","Statewide","Libertarian","GERHARDT, ERIK","24","0","0","7","0","0","8","0","0","9","0","0"
"2022 General Election","SCHUYLKILL","United States Senator","Statewide","Green Party","WEISS, RICHARD L","27","0","0","8","0","0","9","0","0","10","0","0"
"2022 General Election","SCHUYLKILL","United States Senator","Statewide","Keystone","WASSMER, DANIEL","30","0","0","9","0","0","10","0","0","11","0","0"
"2022 General Election","SCHUYLKILL","Governor","Statewide","Democratic","SHAPIRO, JOSHUA D","42","0","0","13","0","0","14","0","0","15","0","0"
"2022 General Election","SCHUYLKILL","Governor","Statewide","Republican","MASTRIANO, DOUGLAS V","45","0","0","14","0","0","15","0","0","16","0","0"
"2022 General Election","SCHUYLKILL","Governor","Statewide","Libertarian","HACKENBURG, JONATHAN MATTHEW","48","0","0","15","0","0","16","0","0","17","0","0"
"2022 General Election","SCHUYLKILL","Governor","Statewide","Green Party","DIGIULIO, CHRISTINA PK","51","0","0","16","0","0","17","0","0","18","0","0"
"2022 General Election","SCHUYLKILL","Governor","Statewide","Keystone","SOLOSKI, JOSEPH P","54","0","0","17","0","0","18","0","0","19","0","0"
"2022 General Election","SNYDER","United States Senator","Statewide","Democratic","FETTERMAN, JOHN K","18","0","0","5","0","0","6","0","0","7","0","0"
"2022 General Election","SNYDER","United States Senator","Statewide","Republican","OZ, MEHMET C","21","0","0","6","0","0","7","0","0","8","0","0"
"2022 General Election","SNYDER","United States Senator","Statewide","Libertarian","GERHARDT, ERIK","24","0","0","7","0","0","8","0","0","9","0","0"
"2022 General Election","SNYDER","United States Senator","Statewide","Green Party","WEISS, RICHARD L","27","0","0","8","0","0","9","0","0","10","0","0"
"2022 General Election","SNYDER","United States Senator","Statewide","Keystone","WASSMER, DANIEL","30","0","0","9","0","0","10","0","0","11","0","0"
"2022 General Election","SNYDER","Governor","Statewide","Democratic","SHAPIRO, JOSHUA D","42","0","0","13","0","0","14","0","0","15","0","0"
"2022 General Election","SNYDER","Governor","Statewide","Republican","MASTRIANO, DOUGLAS V","45","0","0","14","0","0","15","0","0","16","0","0"
"2022 General Election","SNYDER","Governor","Statewide","Libertarian","HACKENBURG, JONATHAN MATTHEW","48","0","0","15","0","0","16","0","0","17","0","0"
"2022 General Election","SNYDER","Governor","Statewide","Green Party","DIGIULIO, CHRISTINA PK","51","0","0","16","0","0","17","0","0","18","0","0"
"2022 General Election","SNYDER","Governor","Statewide","Keystone","SOLOSKI, JOSEPH P","54","0","0","17","0","0","18","0","0","19","0","0"
"2022 General Election","SOMERSET","United States Senator","Statewide","Democratic","FETTERMAN, JOHN K","18","0","0","5","0","0","6","0","0","7","0","0"
"2022 General Election","SOMERSET","United States Senator","Statewide","Republican","OZ, MEHMET C","21","0","0","6","0","0","7","0","0","8","0","0"
"2022 General Election","SOMERSET","United States Senator","Statewide","Libertarian","GERHARDT, ERIK","24","0","0","7","0","0","8","0","0","9","0","0"
"2022 General Election","SOMERSET","United States Senator","Statewide","Green Party","WEISS, RICHARD L","27","0","0","8","0","0","9","0","0","10","0","0"
"2022 General Election","SOMERSET","United States Senator","Statewide","Keystone","WASSMER, DANIEL","30","0","0","9","0","0","10","0","0","11","0","0"
"2022 General Election","SOMERSET","Governor","Statewide","Democratic","SHAPIRO, JOSHUA D","42","0","0","13","0","0","14","0","0","15","0","0"
"2022 General Election","SOMERSET","Governor","Statewide","Republican","MASTRIANO, DOUGLAS V","45","0","0","14","0","0","15","0","0","16","0","0"
"2022 General Election","SOMERSET","Governor","Statewide","Libertarian","HACKENBURG, JONATHAN MATTHEW","48","0","0","15","0","0","16","0","0","17","0","0"
"2022 General Election","SOMERSET","Governor","Statewide","Green Party","DIGIULIO, CHRISTINA PK","51","0","0","16","0","0","17","0","0","18","0","0"
"2022 General Election","SOMERSET","Governor","Statewide","Keystone","SOLOSKI, JOSEPH P","54","0","0","17","0","0","18","0","0","19","0","0"
"2022 General Election","SULLIVAN","United States Senator","Statewide","Democratic","FETTERMAN, JOHN K","6","0","0","2","0","0","3","0","0","1","0","0"
"2022 General Election","SULLIVAN","United States Senator","Statewide","Republican","OZ, MEHMET C","15","0","0","5","0","0","6","0","0","4","0","0"
"2022 General Election","SULLIVAN","United States Senator","Statewide","Libertarian","GERHARDT, ERIK","24","0","0","8","0","0","9","0","0","7","0","0"
"2022 General Election","SULLIVAN","United States Senator","Statewide","Green Party","WEISS, RICHARD L","33","0","0","11","0","0","12","0","0","10","0","0"
"2022 General Election","SULLIVAN","United States Senator","Statewide","Keystone","WASSMER, DANIEL","42","0","0","14","0","0","15","0","0","13","0","0"
"2022 General Election","SULLIVAN","Governor","Statewide","Democratic","SHAPIRO, JOSHUA D","60","0","0","20","0","0","21","0","0","19","0","0"
"2022 General Election","SULLIVAN","Governor","Statewide","Republican","MASTRIANO, DOUGLAS V","69","0","0","23","0","0","24","0","0","22","0","0"
"2022 General Election","SULLIVAN","Governor","Statewide","Libertarian","HACKENBURG, JONATHAN MATTHEW","78","0","0","26","0","0","27","0","0","25","0","0"
"2022 General Election","SULLIVAN","Governor","Statewide","Green Party","DIGIULIO, CHRISTINA PK","87","0","0","29","0","0","30","0","0","28","0","0"
"2022 General Election","SULLIVAN","Governor","Statewide","Keystone","SOLOSKI, JOSEPH P","96","0","0","32","0","0","33","0","0","31","0","0"
"2022 General Election","SUSQUEHANNA","United States Senator","Statewide","Democratic","FETTERMAN, JOHN K","0","0","0","0","0","0","0","0","0","0","0","0"
"2022 General Election","SUSQUEHANNA","United States Senator","Statewide","Republican","OZ, MEHMET C","0","0","0","0","0","0","0","0","0","0","0","0"
"2022 General Election","SUSQUEHANNA","United States Senator","Statewide","Libertarian","GERHARDT, ERIK","0","0","0","0","0","0","0","0","0","0","0","0"
"2022 General Election","SUSQUEHANNA","United States Senator","Statewide","Green Party","WEISS, RICHARD L","0","0","0","0","0","0","0","0","0","0","0","0"
"2022 General Election","SUSQUEHANNA","United States Senator","Statewide","Keystone","WASSMER, DANIEL","0","0","0","0","0","0","0","0","0","0","0","0"
"2022 General Election","SUSQUEHANNA","Governor","Statewide","Democratic","SHAPIRO, JOSHUA D","0","0","0","0","0","0","0","0","0","0","0","0"
"2022 General Election","SUSQUEHANNA","Governor","Statewide","Republican","MASTRIANO, DOUGLAS V","0","0","0","0","0","0","0","0","0","0","0","0"
"2022 General Election","SUSQUEHANNA","Governor","Statewide","Libertarian","HACKENBURG, JONATHAN MATTHEW","0","0","0","0","0","0","0","0","0","0","0","0"
"2022 General Election","SUSQUEHANNA","Governor","Statewide","Green Party","DIGIULIO, CHRISTINA PK","0","0","0","0","0","0","0","0","0","0","0","0"
"2022 General Election","SUSQUEHANNA","Governor","Statewide","Keystone","SOLOSKI, JOSEPH P","0","0","0","0","0","0","0","0","0","0","0","0"
"2022 General Election","TIOGA","United States Senator","Statewide","Democratic","FETTERMAN, JOHN K","18","0","0","5","0","0","6","0","0","7","0","0"
"2022 General Election","TIOGA","United States Senator","Statewide","Republican","OZ, MEHMET C","21","0","0","6","0","0","7","0","0","8","0","0"
"2022 General Election","TIOGA","United States Senator","Statewide","Libertarian","GERHARDT, ERIK","24","0","0","7","0","0","8","0","0","9","0","0"
"2022 General Election","TIOGA","United States Senator","Statewide","Green Party","WEISS, RICHARD L","27","0","0","8","0","0","9","0","0","10","0","0"
"2022 General Election","TIOGA","United States Senator","Statewide","Keystone","WASSMER, DANIEL","30","0","0","9","0","0","10","0","0","11","0","0"
"2022 General Election","TIOGA","Governor","Statewide","Democratic","SHAPIRO, JOSHUA D","42","0","0","13","0","0","14","0","0","15","0","0"
"2022 General Election","TIOGA","Governor","Statewide","Republican","MASTRIANO, DOUGLAS V","45","0","0","14","0","0","15","0","0","16","0","0"
"2022 General Election","TIOGA","Governor","Statewide","Libertarian","HACKENBURG, JONATHAN MATTHEW","48","0","0","15","0","0","16","0","0","17","0","0"
"2022 General Election","TIOGA","Governor","Statewide","Green Party","DIGIULIO, CHRISTINA PK","51","0","0","16","0","0","17","0","0","18","0","0"
"2022 General Election","TIOGA","Governor","Statewide","Keystone","SOLOSKI, JOSEPH P","54","0","0","17","0","0","18","0","0","19","0","0"
"2022 General Election","UNION","United States Senator","Statewide","Democratic","FETTERMAN, JOHN K","22,862","0","0","11,418","0","0","11,444","0","0","0","0","0"
"2022 General Election","UNION","United States Senator","Statewide","Republican","OZ, MEHMET C","22,966","0","0","11,470","0","0","11,496","0","0","0","0","0"
"2022 General Election","UNION","United States Senator","Statewide","Libertarian","GERHARDT, ERIK","23,070","0","0","11,522","0","0","11,548","0","0","0","0","0"
"2022 General Election","UNION","United States Senator","Statewide","Green Party","WEISS, RICHARD L","23,174","0","0","11,574","0","0","11,600","0","0","0","0","0"
"2022 General Election","UNION","United States Senator","Statewide","Keystone","WASSMER, DANIEL","23,278","0","0","11,626","0","0","11,652","0","0","0","0","0"
"2022 General Election","UNION","Governor","Statewide","Democratic","SHAPIRO, JOSHUA D","23,486","0","0","11,730","0","0","11,756","0","0","0","0","0"
"2022 General Election","UNION","Governor","Statewide","Republican","MASTRIANO, DOUGLAS V","23,590","0","0","11,782","0","0","11,808","0","0","0","0","0"
"2022 General Election","UNION","Governor","Statewide","Libertarian","HACKENBURG, JONATHAN MATTHEW","23,694","0","0","11,834","0","0","11,860","0","0","0","0","0"
"2022 General Election","UNION","Governor","Statewide","Green Party","DIGIULIO, CHRISTINA PK","23,798","0","0","11,886","0","0","11,912","0","0","0","0","0"
"2022 General Election","UNION","Governor","Statewide","Keystone","SOLOSKI, JOSEPH P","23,902","0","0","11,938","0","0","11,964","0","0","0","0","0"
"2022 General Election","VENANGO","United States Senator","Statewide","Democratic","FETTERMAN, JOHN K","18","0","0","5","0","0","6","0","0","7","0","0"
"2022 General Election","VENANGO","United States Senator","Statewide","Republican","OZ, MEHMET C","21","0","0","6","0","0","7","0","0","8","0","0"
"2022 General Election","VENANGO","United States Senator","Statewide","Libertarian","GERHARDT, ERIK","24","0","0","7","0","0","8","0","0","9","0","0"
"2022 General Election","VENANGO","United States Senator","Statewide","Green Party","WEISS, RICHARD L","27","0","0","8","0","0","9","0","0","10","0","0"
"2022 General Election","VENANGO","United States Senator","Statewide","Keystone","WASSMER, DANIEL","30","0","0","9","0","0","10","0","0","11","0","0"
"2022 General Election","VENANGO","Governor","Statewide","Democratic","SHAPIRO, JOSHUA D","42","0","0","13","0","0","14","0","0","15","0","0"
"2022 General Election","VENANGO","Governor","Statewide","Republican","MASTRIANO, DOUGLAS V","45","0","0","14","0","0","15","0","0","16","0","0"
"2022 General Election","VENANGO","Governor","Statewide","Libertarian","HACKENBURG, JONATHAN MATTHEW","48","0","0","15","0","0","16","0","0","17","0","0"
"2022 General Election","VENANGO","Governor","Statewide","Green Party","DIGIULIO, CHRISTINA PK","51","0","0","16","0","0","17","0","0","18","0","0"
"2022 General Election","VENANGO","Governor","Statewide","Keystone","SOLOSKI, JOSEPH P","54","0","0","17","0","0","18","0","0","19","0","0"
"2022 General Election","WARREN","United States Senator","Statewide","Democratic","FETTERMAN, JOHN K","0","0","0","0","0","0","0","0","0","0","0","0"
"2022 General Election","WARREN","United States Senator","Statewide","Republican","OZ, MEHMET C","0","0","0","0","0","0","0","0","0","0","0","0"
"2022 General Election","WARREN","United States Senator","Statewide","Libertarian","GERHARDT, ERIK","0","0","0","0","0","0","0","0","0","0","0","0"
"2022 General Election","WARREN","United States Senator","Statewide","Green Party","WEISS, RICHARD L","0","0","0","0","0","0","0","0","0","0","0","0"
"2022 General Election","WARREN","United States Senator","Statewide","Keystone","WASSMER, DANIEL","0","0","0","0","0","0","0","0","0","0","0","0"
"2022 General Election","WARREN","Governor","Statewide","Democratic","SHAPIRO, JOSHUA D","0","0","0","0","0","0","0","0","0","0","0","0"
"2022 General Election","WARREN","Governor","Statewide","Republican","MASTRIANO, DOUGLAS V","0","0","0","0","0","0","0","0","0","0","0","0"
"2022 General Election","WARREN","Governor","Statewide","Libertarian","HACKENBURG, JONATHAN MATTHEW","0","0","0","0","0","0","0","0","0","0","0","0"
"2022 General Election","WARREN","Governor","Statewide","Green Party","DIGIULIO, CHRISTINA PK","0","0","0","0","0","0","0","0","0","0","0","0"
"2022 General Election","WARREN","Governor","Statewide","Keystone","SOLOSKI, JOSEPH P","0","0","0","0","0","0","0","0","0","0","0","0"
"2022 General Election","WASHINGTON","United States Senator","Statewide","Democratic","FETTERMAN, JOHN K","18","0","0","5","0","0","6","0","0","7","0","0"
"2022 General Election","WASHINGTON","United States Senator","Statewide","Republican","OZ, MEHMET C","21","0","0","6","0","0","7","0","0","8","0","0"
"2022 General Election","WASHINGTON","United States Senator","Statewide","Libertarian","GERHARDT, ERIK","24","0","0","7","0","0","8","0","0","9","0","0"
"2022 General Election","WASHINGTON","United States Senator","Statewide","Green Party","WEISS, RICHARD L","27","0","0","8","0","0","9","0","0","10","0","0"
"2022 General Election","WASHINGTON","United States Senator","Statewide","Keystone","WASSMER, DANIEL","30","0","0","9","0","0","10","0","0","11","0","0"
"2022 General Election","WASHINGTON","Governor","Statewide","Democratic","SHAPIRO, JOSHUA D","42","0","0","13","0","0","14","0","0","15","0","0"
"2022 General Election","WASHINGTON","Governor","Statewide","Republican","MASTRIANO, DOUGLAS V","45","0","0","14","0","0","15","0","0","16","0","0"
"2022 General Election","WASHINGTON","Governor","Statewide","Libertarian","HACKENBURG, JONATHAN MATTHEW","48","0","0","15","0","0","16","0","0","17","0","0"
"2022 General Election","WASHINGTON","Governor","Statewide","Green Party","DIGIULIO, CHRISTINA PK","51","0","0","16","0","0","17","0","0","18","0","0"
"2022 General Election","WASHINGTON","Governor","Statewide","Keystone","SOLOSKI, JOSEPH P","54","0","0","17","0","0","18","0","0","19","0","0"
"2022 General Election","WAYNE","United States Senator","Statewide","Democratic","FETTERMAN, JOHN K","6","0","0","2","0","0","3","0","0","1","0","0"
"2022 General Election","WAYNE","United States Senator","Statewide","Republican","OZ, MEHMET C","15","0","0","5","0","0","6","0","0","4","0","0"
"2022 General Election","WAYNE","United States Senator","Statewide","Libertarian","GERHARDT, ERIK","24","0","0","8","0","0","9","0","0","7","0","0"
"2022 General Election","WAYNE","United States Senator","Statewide","Green Party","WEISS, RICHARD L","33","0","0","11","0","0","12","0","0","10","0","0"
"2022 General Election","WAYNE","United States Senator","Statewide","Keystone","WASSMER, DANIEL","42","0","0","14","0","0","15","0","0","13","0","0"
"2022 General Election","WAYNE","Governor","Statewide","Democratic","SHAPIRO, JOSHUA D","60","0","0","20","0","0","21","0","0","19","0","0"
"2022 General Election","WAYNE","Governor","Statewide","Republican","MASTRIANO, DOUGLAS V","69","0","0","23","0","0","24","0","0","22","0","0"
"2022 General Election","WAYNE","Governor","Statewide","Libertarian","HACKENBURG, JONATHAN MATTHEW","78","0","0","26","0","0","27","0","0","25","0","0"
"2022 General Election","WAYNE","Governor","Statewide","Green Party","DIGIULIO, CHRISTINA PK","87","0","0","29","0","0","30","0","0","28","0","0"
"2022 General Election","WAYNE","Governor","Statewide","Keystone","SOLOSKI, JOSEPH P","96","0","0","32","0","0","33","0","0","31","0","0"
"2022 General Election","WESTMORELAND","United States Senator","Statewide","Democratic","FETTERMAN, JOHN K","18","0","0","5","0","0","6","0","0","7","0","0"
"2022 General Election","WESTMORELAND","United States Senator","Statewide","Republican","OZ, MEHMET C","21","0","0","6","0","0","7","0","0","8","0","0"
"2022 General Election","WESTMORELAND","United States Senator","Statewide","Libertarian","GERHARDT, ERIK","24","0","0","7","0","0","8","0","0","9","0","0"
"2022 General Election","WESTMORELAND","United States Senator","Statewide","Green Party","WEISS, RICHARD L","27","0","0","8","0","0","9","0","0","10","0","0"
"2022 General Election","WESTMORELAND","United States Senator","Statewide","Keystone","WASSMER, DANIEL","30","0","0","9","0","0","10","0","0","11","0","0"
"2022 General Election","WESTMORELAND","Governor","Statewide","Democratic","SHAPIRO, JOSHUA D","42","0","0","13","0","0","14","0","0","15","0","0"
"2022 General Election","WESTMORELAND","Governor","Statewide","Republican","MASTRIANO, DOUGLAS V","45","0","0","14","0","0","15","0","0","16","0","0"
"2022 General Election","WESTMORELAND","Governor","Statewide","Libertarian","HACKENBURG, JONATHAN MATTHEW","48","0","0","15","0","0","16","0","0","17","0","0"
"2022 General Election","WESTMORELAND","Governor","Statewide","Green Party","DIGIULIO, CHRISTINA PK","51","0","0","16","0","0","17","0","0","18","0","0"
"2022 General Election","WESTMORELAND","Governor","Statewide","Keystone","SOLOSKI, JOSEPH P","54","0","0","17","0","0","18","0","0","19","0","0"
"2022 General Election","WYOMING","United States Senator","Statewide","Democratic","FETTERMAN, JOHN K","6","0","0","2","0","0","3","0","0","1","0","0"
"2022 General Election","WYOMING","United States Senator","Statewide","Republican","OZ, MEHMET C","15","0","0","5","0","0","6","0","0","4","0","0"
"2022 General Election","WYOMING","United States Senator","Statewide","Libertarian","GERHARDT, ERIK","24","0","0","8","0","0","9","0","0","7","0","0"
"2022 General Election","WYOMING","United States Senator","Statewide","Green Party","WEISS, RICHARD L","33","0","0","11","0","0","12","0","0","10","0","0"
"2022 General Election","WYOMING","United States Senator","Statewide","Keystone","WASSMER, DANIEL","42","0","0","14","0","0","15","0","0","13","0","0"
"2022 General Election","WYOMING","Governor","Statewide","Democratic","SHAPIRO, JOSHUA D","60","0","0","20","0","0","21","0","0","19","0","0"
"2022 General Election","WYOMING","Governor","Statewide","Republican","MASTRIANO, DOUGLAS V","69","0","0","23","0","0","24","0","0","22","0","0"
"2022 General Election","WYOMING","Governor","Statewide","Libertarian","HACKENBURG, JONATHAN MATTHEW","78","0","0","26","0","0","27","0","0","25","0","0"
"2022 General Election","WYOMING","Governor","Statewide","Green Party","DIGIULIO, CHRISTINA PK","87","0","0","29","0","0","30","0","0","28","0","0"
"2022 General Election","WYOMING","Governor","Statewide","Keystone","SOLOSKI, JOSEPH P","96","0","0","32","0","0","33","0","0","31","0","0"
"2022 General Election","YORK","United States Senator","Statewide","Democratic","FETTERMAN, JOHN K","0","0","0","0","0","0","0","0","0","0","0","0"
"2022 General Election","YORK","United States Senator","Statewide","Republican","OZ, MEHMET C","0","0","0","0","0","0","0","0","0","0","0","0"
"2022 General Election","YORK","United States Senator","Statewide","Libertarian","GERHARDT, ERIK","0","0","0","0","0","0","0","0","0","0","0","0"
"2022 General Election","YORK","United States Senator","Statewide","Green Party","WEISS, RICHARD L","0","0","0","0","0","0","0","0","0","0","0","0"
"2022 General Election","YORK","United States Senator","Statewide","Keystone","WASSMER, DANIEL","0","0","0","0","0","0","0","0","0","0","0","0"
"2022 General Election","YORK","Governor","Statewide","Democratic","SHAPIRO, JOSHUA D","0","0","0","0","0","0","0","0","0","0","0","0"
"2022 General Election","YORK","Governor","Statewide","Republican","MASTRIANO, DOUGLAS V","0","0","0","0","0","0","0","0","0","0","0","0"
"2022 General Election","YORK","Governor","Statewide","Libertarian","HACKENBURG, JONATHAN MATTHEW","0","0","0","0","0","0","0","0","0","0","0","0"
"2022 General Election","YORK","Governor","Statewide","Green Party","DIGIULIO, CHRISTINA PK","0","0","0","0","0","0","0","0","0","0","0","0"
"2022 General Election","YORK","Governor","Statewide","Keystone","SOLOSKI, JOSEPH P","0","0","0","0","0","0","0","0","0","0","0","0"
